Node 1,Node 2
0,1
0,2
0,4
0,6
0,14
0,16
0,18
0,22
0,25
0,48
0,57
0,62
0,64
0,80
0,88
0,89
0,91
0,93
0,95
0,112
0,114
0,128
0,138
0,340
0,512
1,6
1,13
1,39
1,51
1,64
1,66
1,81
1,85
1,102
1,110
1,119
1,125
1,129
1,138
1,140
1,142
1,145
1,410
1,517
1,587
1,466
2,5
2,9
2,20
2,28
2,33
2,38
2,45
2,47
2,48
2,53
2,56
2,65
2,66
2,71
2,72
2,92
2,96
2,100
2,105
2,113
2,120
2,125
2,126
2,133
2,143
2,144
2,145
2,281
2,373
2,395
2,430
2,530
2,556
2,477
3,8
3,19
3,20
3,31
3,44
3,54
3,55
3,58
3,62
3,73
3,74
3,118
3,120
3,277
3,377
3,444
4,14
4,29
4,30
4,42
4,55
4,57
4,60
4,64
4,73
4,85
4,86
4,93
4,98
4,123
4,126
4,133
4,145
4,147
4,227
4,325
4,354
4,537
5,19
5,24
5,29
5,32
5,35
5,37
5,65
5,68
5,78
5,85
5,87
5,90
5,112
5,113
5,136
5,293
5,574
5,577
5,451
5,496
6,7
6,8
6,30
6,37
6,41
6,50
6,52
6,64
6,78
6,80
6,109
6,128
6,199
6,435
6,461
6,473
6,479
7,11
7,17
7,18
7,20
7,21
7,23
7,29
7,30
7,56
7,64
7,65
7,78
7,80
7,81
7,87
7,100
7,129
7,143
7,211
7,216
7,322
7,387
7,584
7,450
8,13
8,24
8,34
8,41
8,47
8,49
8,56
8,81
8,82
8,92
8,114
8,349
9,11
9,15
9,33
9,35
9,51
9,52
9,53
9,58
9,78
9,81
9,91
9,124
9,130
9,147
9,289
9,340
9,476
10,13
10,19
10,25
10,28
10,30
10,36
10,39
10,45
10,47
10,52
10,66
10,72
10,74
10,87
10,90
10,101
10,110
10,113
10,122
10,129
10,133
10,138
10,142
10,167
10,280
10,354
10,403
10,447
11,15
11,17
11,43
11,45
11,49
11,53
11,74
11,75
11,81
11,93
11,96
11,122
11,134
11,146
11,147
11,174
11,286
11,442
11,512
12,13
12,20
12,22
12,23
12,26
12,31
12,38
12,49
12,56
12,60
12,86
12,88
12,89
12,96
12,107
12,109
12,112
12,114
12,118
12,126
12,127
12,130
12,132
12,151
12,324
12,558
12,596
12,484
13,19
13,21
13,41
13,48
13,56
13,69
13,81
13,89
13,109
13,112
13,113
13,114
13,146
13,343
13,375
13,426
13,503
14,19
14,35
14,37
14,41
14,47
14,63
14,77
14,81
14,88
14,101
14,113
14,119
14,127
14,146
14,209
14,286
14,307
14,440
15,22
15,23
15,31
15,41
15,51
15,58
15,59
15,63
15,66
15,71
15,80
15,82
15,87
15,100
15,112
15,115
15,130
15,135
15,148
15,164
15,225
15,333
15,380
15,395
15,403
15,420
16,19
16,21
16,22
16,35
16,36
16,41
16,44
16,48
16,58
16,63
16,66
16,84
16,87
16,94
16,97
16,101
16,102
16,103
16,104
16,107
16,112
16,115
16,126
16,127
16,130
16,136
16,137
16,140
16,141
16,142
16,244
16,377
16,380
16,436
16,480
17,26
17,35
17,36
17,45
17,54
17,63
17,75
17,84
17,113
17,115
17,121
17,122
17,131
17,137
17,147
17,208
17,359
17,537
18,29
18,33
18,41
18,45
18,50
18,51
18,58
18,60
18,73
18,87
18,93
18,94
18,98
18,100
18,117
18,132
18,136
18,143
18,144
18,253
18,319
18,388
18,550
18,566
18,583
19,32
19,33
19,43
19,50
19,58
19,59
19,74
19,81
19,85
19,94
19,103
19,112
19,118
19,123
19,138
19,142
19,144
19,192
19,225
19,340
19,380
19,446
19,510
20,26
20,34
20,41
20,47
20,80
20,87
20,100
20,115
20,119
20,122
20,135
20,137
20,139
20,143
20,250
20,318
20,437
21,24
21,25
21,30
21,44
21,47
21,51
21,52
21,61
21,73
21,92
21,94
21,95
21,105
21,108
21,114
21,116
21,118
21,132
21,138
21,139
21,148
21,173
21,450
21,491
22,49
22,70
22,72
22,78
22,80
22,89
22,94
22,110
22,115
22,120
22,129
22,132
22,149
22,253
22,445
23,37
23,47
23,57
23,73
23,80
23,86
23,92
23,95
23,124
23,131
23,132
23,136
23,168
23,176
23,264
23,367
23,523
23,569
23,494
24,29
24,34
24,39
24,45
24,53
24,54
24,66
24,67
24,71
24,77
24,78
24,85
24,90
24,97
24,105
24,108
24,115
24,119
24,121
24,129
24,136
24,264
24,387
24,404
25,37
25,40
25,65
25,77
25,95
25,96
25,115
25,116
25,125
25,217
25,289
25,561
25,472
26,43
26,46
26,48
26,58
26,74
26,81
26,82
26,83
26,86
26,107
26,112
26,123
26,138
26,146
26,147
26,593
27,103
27,109
27,124
27,125
27,143
27,163
27,170
27,231
27,246
27,305
27,374
27,572
27,467
28,56
28,58
28,61
28,62
28,71
28,79
28,96
28,112
28,136
28,147
28,249
28,270
28,435
28,447
28,472
28,487
29,32
29,35
29,40
29,46
29,71
29,85
29,104
29,105
29,112
29,114
29,124
29,127
29,130
29,146
29,148
29,242
29,350
30,53
30,60
30,65
30,92
30,94
30,105
30,112
30,119
30,122
30,126
30,136
30,150
30,209
30,430
30,548
31,44
31,72
31,73
31,100
31,105
31,106
31,108
31,122
31,126
31,128
31,130
31,133
31,144
31,146
31,147
31,161
31,297
31,523
31,591
32,33
32,38
32,39
32,51
32,52
32,62
32,73
32,78
32,97
32,103
32,109
32,115
32,126
32,413
32,598
33,35
33,41
33,42
33,71
33,75
33,95
33,101
33,120
33,123
33,137
33,138
33,180
33,184
33,343
33,563
34,57
34,68
34,69
34,74
34,81
34,83
34,93
34,94
34,101
34,104
34,127
34,135
34,327
34,395
34,536
35,54
35,57
35,68
35,69
35,87
35,112
35,119
35,124
35,128
35,130
35,144
35,146
35,383
35,439
35,444
35,573
36,62
36,65
36,79
36,81
36,94
36,115
36,127
36,131
36,142
36,304
36,339
36,596
37,41
37,42
37,46
37,48
37,60
37,67
37,83
37,98
37,99
37,102
37,121
37,141
37,404
37,410
37,420
38,46
38,56
38,58
38,64
38,67
38,75
38,85
38,105
38,113
38,123
38,132
38,139
38,145
38,159
38,197
38,358
38,360
39,42
39,45
39,46
39,47
39,54
39,55
39,59
39,74
39,75
39,79
39,91
39,94
39,102
39,109
39,114
39,115
39,130
39,149
39,202
39,240
39,414
39,524
40,48
40,58
40,59
40,62
40,64
40,77
40,79
40,87
40,90
40,111
40,125
40,133
40,134
40,139
40,312
40,368
40,550
40,484
41,79
41,81
41,82
41,87
41,90
41,91
41,108
41,109
41,111
41,114
41,126
41,130
41,131
41,135
41,143
41,155
41,233
41,258
41,279
41,548
41,571
42,45
42,49
42,58
42,67
42,80
42,82
42,89
42,90
42,108
42,109
42,121
42,131
42,138
42,562
43,47
43,51
43,53
43,59
43,62
43,69
43,72
43,77
43,78
43,80
43,93
43,109
43,134
43,138
43,172
43,251
44,65
44,72
44,75
44,76
44,82
44,87
44,88
44,97
44,98
44,105
44,116
44,144
44,146
44,313
44,344
44,355
44,527
44,591
44,462
45,67
45,70
45,78
45,81
45,85
45,89
45,97
45,111
45,115
45,117
45,120
45,125
45,146
45,203
45,277
45,348
45,396
45,507
46,48
46,51
46,62
46,67
46,69
46,123
46,125
46,144
46,206
46,508
47,49
47,67
47,84
47,85
47,104
47,112
47,127
47,133
47,140
47,345
47,350
47,519
48,60
48,77
48,80
48,85
48,95
48,101
48,105
48,116
48,117
48,119
48,121
48,135
48,146
48,147
48,223
48,240
48,375
48,453
48,462
49,61
49,65
49,67
49,71
49,113
49,116
49,123
49,133
49,139
49,145
49,156
49,292
49,360
49,530
49,538
49,549
49,452
50,52
50,53
50,60
50,62
50,77
50,89
50,90
50,103
50,105
50,116
50,128
50,145
50,156
50,289
51,54
51,61
51,66
51,69
51,87
51,96
51,99
51,108
51,109
51,112
51,124
51,138
51,141
51,144
51,147
51,178
51,209
51,287
51,384
51,521
51,493
52,63
52,66
52,83
52,91
52,114
52,130
52,132
52,147
52,206
52,207
52,288
52,329
52,532
52,580
53,63
53,81
53,91
53,92
53,100
53,110
53,112
53,114
53,117
53,142
53,144
53,145
53,168
53,455
53,470
53,493
54,60
54,64
54,66
54,77
54,88
54,90
54,91
54,98
54,99
54,132
54,135
54,139
54,360
54,372
55,59
55,65
55,67
55,84
55,99
55,112
55,125
55,128
55,133
55,139
55,140
55,142
55,391
55,565
56,59
56,72
56,76
56,82
56,97
56,100
56,103
56,116
56,121
56,123
56,127
56,133
56,143
56,148
56,246
56,521
57,73
57,76
57,77
57,86
57,87
57,93
57,94
57,99
57,115
57,124
57,131
57,132
57,139
57,148
57,174
57,182
57,192
57,220
57,262
57,372
57,581
57,593
58,59
58,64
58,68
58,81
58,93
58,94
58,96
58,106
58,119
58,122
58,135
58,209
58,322
58,346
58,351
58,536
58,547
58,501
59,68
59,81
59,82
59,94
59,106
59,110
59,128
59,131
59,141
59,198
59,325
59,388
59,431
59,535
59,586
60,85
60,89
60,90
60,93
60,96
60,100
60,101
60,103
60,104
60,106
60,107
60,115
60,120
60,137
60,139
60,142
60,196
60,293
60,338
60,473
61,64
61,68
61,76
61,77
61,83
61,89
61,91
61,104
61,119
61,120
61,124
61,136
61,187
61,202
61,284
61,376
61,528
61,597
62,74
62,76
62,80
62,88
62,90
62,107
62,112
62,115
62,129
62,131
62,133
62,148
62,210
62,553
62,461
62,499
63,70
63,73
63,88
63,98
63,104
63,109
63,121
63,124
63,128
63,132
63,139
63,149
63,242
63,250
63,379
63,484
64,70
64,73
64,89
64,91
64,116
64,118
64,121
64,135
64,137
64,138
64,139
64,140
64,142
64,146
64,300
64,593
65,68
65,73
65,80
65,81
65,84
65,91
65,92
65,98
65,103
65,128
65,129
65,131
65,139
65,149
65,165
65,255
65,352
65,454
66,68
66,75
66,81
66,122
66,143
66,317
66,501
67,68
67,69
67,91
67,103
67,129
67,131
67,138
67,142
67,278
67,347
67,410
68,72
68,75
68,78
68,81
68,87
68,105
68,106
68,116
68,127
68,145
68,147
68,149
68,172
68,286
68,305
68,384
68,487
69,74
69,82
69,86
69,89
69,105
69,116
69,134
69,142
69,144
69,147
69,222
69,261
69,332
69,475
70,90
70,92
70,100
70,109
70,112
70,120
70,135
70,140
70,279
70,391
70,439
70,460
71,94
71,96
71,107
71,136
71,137
71,206
71,217
71,248
71,255
71,274
71,325
71,584
72,73
72,77
72,92
72,100
72,102
72,113
72,115
72,138
72,142
72,146
72,150
72,160
72,307
72,339
72,404
72,524
72,476
73,82
73,83
73,89
73,107
73,109
73,133
73,137
73,139
73,386
74,76
74,81
74,85
74,86
74,89
74,92
74,94
74,99
74,114
74,124
74,125
74,143
74,356
74,552
75,87
75,96
75,102
75,109
75,117
75,125
75,127
75,128
75,132
75,142
75,144
75,163
75,167
75,559
75,574
75,494
76,89
76,97
76,101
76,119
76,128
76,132
76,134
76,159
76,181
76,183
77,83
77,85
77,92
77,94
77,99
77,108
77,112
77,129
77,135
77,141
77,143
77,232
77,275
77,420
78,81
78,89
78,92
78,102
78,107
78,111
78,116
78,135
78,140
78,144
78,279
79,82
79,86
79,91
79,98
79,117
79,127
79,215
79,387
79,481
80,97
80,102
80,104
80,111
80,114
80,122
80,126
80,136
80,178
80,270
80,322
80,327
80,367
80,563
81,83
81,96
81,106
81,116
81,131
81,146
81,246
81,307
81,321
81,405
81,424
81,484
82,86
82,89
82,93
82,101
82,104
82,105
82,109
82,132
82,143
82,145
82,320
82,395
82,437
83,92
83,96
83,97
83,101
83,107
83,117
83,137
83,143
83,154
83,385
83,436
83,552
83,570
84,95
84,108
84,118
84,132
84,135
84,141
84,143
84,146
84,292
84,403
84,527
85,86
85,87
85,105
85,131
85,132
85,140
85,146
85,154
85,222
85,226
85,240
85,391
85,403
86,93
86,100
86,107
86,113
86,120
86,122
86,204
86,285
86,309
86,445
86,470
87,99
87,110
87,120
87,135
87,142
87,143
87,403
87,546
88,94
88,109
88,133
88,143
88,152
88,260
88,512
89,93
89,103
89,107
89,127
89,133
89,140
89,145
89,151
89,346
89,459
89,490
90,92
90,99
90,102
90,104
90,107
90,120
90,121
90,123
90,128
90,131
90,186
90,221
90,309
91,94
91,96
91,103
91,106
91,110
91,111
91,112
91,115
91,127
91,136
91,137
91,187
91,260
91,307
91,415
91,417
92,105
92,116
92,125
92,129
92,130
92,136
92,140
92,144
92,181
92,279
92,297
92,562
93,121
93,126
93,131
93,132
93,138
93,139
93,175
93,207
93,216
93,257
93,394
93,498
94,103
94,104
94,134
94,410
94,551
95,97
95,107
95,109
95,126
95,134
95,135
95,137
95,145
95,163
95,274
95,336
95,577
96,112
96,120
96,140
96,141
96,429
97,117
97,134
97,143
97,189
97,197
97,260
97,267
97,277
97,353
97,363
97,366
97,529
97,538
97,465
98,99
98,101
98,105
98,107
98,111
98,128
98,137
98,274
98,286
98,349
98,374
98,423
98,595
99,115
99,124
99,131
99,141
99,142
99,148
99,232
99,277
99,363
99,379
99,425
99,510
100,105
100,106
100,125
100,128
100,129
100,143
100,144
100,185
100,520
100,531
100,454
101,110
101,123
101,134
101,137
101,147
101,299
101,345
101,572
101,583
101,494
102,103
102,106
102,110
102,122
102,130
102,139
102,141
102,334
102,376
102,442
102,556
102,590
103,108
103,119
103,121
103,123
103,129
103,133
103,136
103,140
103,154
103,185
103,524
103,537
103,470
103,498
104,109
104,118
104,120
104,148
104,377
104,403
104,532
104,491
105,114
105,121
105,122
105,133
105,142
105,281
105,310
105,463
106,113
106,117
106,125
106,130
106,133
106,139
106,145
106,254
107,117
107,131
107,132
107,137
107,200
107,216
107,472
108,113
108,128
108,133
108,144
108,576
109,190
109,209
109,246
109,292
109,391
109,415
109,566
109,469
110,114
110,131
110,133
110,134
110,141
110,169
110,316
110,362
110,432
110,586
110,452
111,113
111,116
111,118
111,120
111,127
111,134
111,211
111,576
112,114
112,124
112,135
112,137
112,140
112,147
112,293
112,356
112,416
112,417
112,593
113,119
113,124
113,132
113,134
113,138
113,148
113,346
113,385
113,419
113,444
113,515
114,122
114,125
114,131
114,139
114,218
114,366
114,382
114,553
114,588
115,124
115,145
115,181
115,297
115,414
115,426
115,436
115,518
115,501
116,117
116,128
116,148
116,149
116,229
116,344
116,408
116,555
116,496
117,132
117,243
117,431
117,535
117,493
117,497
118,129
118,135
118,139
118,211
118,234
119,120
119,124
119,134
119,135
119,139
119,141
119,142
119,145
119,167
119,380
119,445
119,535
119,558
120,126
120,130
120,140
120,145
120,147
120,379
120,442
120,490
121,125
121,140
121,144
121,149
121,262
121,305
121,425
121,570
122,123
122,128
122,129
122,135
122,291
122,565
122,452
123,125
123,129
123,132
123,246
123,492
124,128
124,130
124,131
124,133
124,143
124,178
124,344
124,457
124,465
125,128
125,129
125,133
125,307
125,421
125,474
126,132
126,146
126,156
126,195
126,206
126,230
126,238
126,548
126,597
126,456
126,459
127,130
127,136
127,240
127,349
127,547
127,571
127,464
127,495
127,498
128,131
128,135
128,136
128,144
128,148
128,154
128,339
128,594
129,430
130,137
130,145
130,148
130,149
130,159
130,347
130,366
130,542
131,137
131,161
131,201
131,202
131,258
131,299
131,351
131,538
131,569
131,509
132,134
132,135
132,139
132,144
132,146
132,242
132,291
132,307
132,339
132,531
132,464
133,139
133,151
133,212
133,273
133,309
133,436
133,512
133,596
134,136
134,142
134,435
134,514
134,541
134,546
134,591
134,469
135,140
135,143
135,145
135,161
135,407
135,499
136,141
136,160
136,305
136,343
136,410
136,436
136,594
136,466
137,146
137,275
137,419
137,564
138,147
138,268
138,429
138,430
138,580
138,588
138,466
139,142
139,149
139,328
139,379
139,389
139,404
139,580
139,469
140,156
140,306
140,315
141,148
141,205
141,239
141,399
141,464
142,381
142,574
142,493
143,145
143,314
143,547
144,171
144,179
144,316
144,377
144,515
145,161
145,203
145,257
145,323
145,575
145,586
145,592
146,163
146,175
146,373
146,502
147,300
148,186
148,260
148,268
148,357
148,408
148,423
148,436
148,549
148,510
149,566
149,584
150,167
150,218
150,223
150,234
150,240
150,251
150,253
150,258
150,275
150,291
150,299
150,303
150,373
150,387
150,389
150,442
150,478
151,154
151,159
151,160
151,172
151,173
151,179
151,202
151,215
151,227
151,235
151,239
151,246
151,247
151,248
151,255
151,262
151,264
151,266
151,275
151,283
151,366
151,578
151,599
152,153
152,165
152,174
152,182
152,185
152,192
152,208
152,215
152,219
152,226
152,233
152,238
152,239
152,246
152,258
152,267
152,268
152,277
152,279
152,280
152,284
152,290
152,297
152,298
152,299
152,398
153,170
153,191
153,201
153,213
153,216
153,224
153,229
153,254
153,270
153,272
153,275
153,278
153,280
153,284
153,289
153,291
153,293
153,299
153,545
154,179
154,183
154,203
154,216
154,228
154,232
154,241
154,250
154,252
154,253
154,258
154,261
154,262
154,276
154,282
154,292
154,296
154,298
154,420
154,430
155,169
155,171
155,173
155,185
155,187
155,195
155,200
155,209
155,210
155,211
155,218
155,225
155,232
155,234
155,243
155,248
155,252
155,265
155,273
155,274
155,276
155,285
155,314
155,415
155,541
155,591
155,483
155,501
156,191
156,197
156,221
156,223
156,231
156,250
156,265
156,338
156,537
156,462
157,159
157,163
157,165
157,167
157,170
157,171
157,176
157,200
157,207
157,215
157,225
157,230
157,255
157,258
157,269
157,281
157,296
157,308
157,455
158,159
158,161
158,162
158,172
158,177
158,181
158,190
158,211
158,214
158,231
158,243
158,257
158,259
158,272
158,296
158,298
158,306
158,321
158,368
158,385
158,449
158,562
159,167
159,168
159,175
159,194
159,201
159,211
159,212
159,213
159,218
159,219
159,221
159,237
159,240
159,245
159,268
159,273
159,299
159,375
159,525
159,526
159,456
159,482
160,163
160,164
160,180
160,188
160,191
160,195
160,204
160,214
160,215
160,221
160,222
160,226
160,228
160,240
160,250
160,261
160,264
160,267
160,269
160,483
161,167
161,173
161,180
161,184
161,185
161,188
161,199
161,201
161,210
161,213
161,223
161,227
161,229
161,240
161,252
161,275
161,276
161,288
161,298
161,561
161,464
162,172
162,200
162,211
162,218
162,241
162,244
162,245
162,252
162,257
162,259
162,261
162,262
162,266
162,284
162,569
162,469
163,172
163,200
163,204
163,205
163,207
163,214
163,227
163,240
163,254
163,261
163,265
163,291
163,302
163,325
163,332
163,384
163,415
164,169
164,187
164,197
164,207
164,210
164,213
164,218
164,222
164,223
164,224
164,228
164,234
164,235
164,251
164,271
164,272
164,273
164,278
164,285
164,287
164,292
164,295
164,296
164,333
164,369
164,388
164,523
164,537
164,486
164,495
165,178
165,189
165,195
165,199
165,206
165,215
165,218
165,222
165,229
165,231
165,232
165,238
165,241
165,243
165,251
165,253
165,258
165,259
165,269
165,273
165,275
165,285
165,300
165,343
165,521
166,174
166,182
166,222
166,223
166,229
166,235
166,236
166,243
166,252
166,276
166,294
166,322
166,378
166,488
167,171
167,209
167,214
167,223
167,229
167,231
167,233
167,252
167,253
167,255
167,283
167,290
167,327
167,514
168,169
168,170
168,171
168,176
168,183
168,189
168,214
168,228
168,233
168,237
168,245
168,250
168,258
168,263
168,271
168,278
168,288
168,294
168,391
168,473
168,502
169,173
169,177
169,195
169,196
169,199
169,208
169,213
169,225
169,228
169,233
169,249
169,250
169,253
169,255
169,260
169,265
169,266
169,280
169,282
169,297
169,401
169,592
169,509
170,172
170,177
170,180
170,191
170,200
170,219
170,223
170,226
170,248
170,249
170,253
170,257
170,259
170,271
170,273
170,277
170,279
170,292
170,297
170,303
170,388
171,177
171,203
171,208
171,211
171,219
171,227
171,228
171,230
171,235
171,257
171,262
171,272
171,280
171,284
171,294
171,299
171,538
171,548
171,459
171,502
172,179
172,182
172,189
172,223
172,224
172,230
172,238
172,244
172,253
172,257
172,258
172,269
172,273
172,297
172,319
172,549
172,561
172,565
172,506
173,178
173,183
173,191
173,198
173,199
173,211
173,222
173,227
173,244
173,246
173,247
173,254
173,256
173,258
173,262
173,299
173,305
173,316
173,380
173,484
173,498
174,198
174,205
174,218
174,230
174,233
174,242
174,258
174,260
174,268
174,274
174,275
174,278
174,287
174,289
174,447
174,594
175,180
175,196
175,204
175,224
175,226
175,239
175,255
175,268
175,278
175,295
175,303
175,377
175,381
175,418
175,592
176,182
176,209
176,212
176,218
176,220
176,222
176,226
176,246
176,252
176,254
176,285
176,291
176,293
176,298
176,342
176,404
177,180
177,184
177,192
177,193
177,198
177,202
177,208
177,216
177,221
177,222
177,231
177,238
177,239
177,242
177,260
177,265
177,269
177,270
177,279
177,282
177,295
178,198
178,201
178,212
178,222
178,223
178,231
178,235
178,237
178,239
178,241
178,277
178,282
178,284
178,296
179,185
179,208
179,212
179,224
179,229
179,234
179,240
179,249
179,253
179,255
179,266
179,279
179,284
179,286
179,409
180,188
180,197
180,199
180,215
180,226
180,228
180,232
180,236
180,237
180,242
180,251
180,255
180,256
180,264
180,270
180,271
180,279
180,288
180,292
180,296
180,388
180,473
181,192
181,199
181,201
181,202
181,205
181,211
181,241
181,256
181,257
181,264
181,266
181,270
181,275
181,285
181,308
181,346
181,438
182,184
182,187
182,203
182,223
182,228
182,229
182,232
182,256
182,257
182,261
182,263
182,272
182,273
182,276
182,283
182,284
182,290
182,328
182,591
183,184
183,190
183,221
183,241
183,249
183,251
183,253
183,259
183,264
183,266
183,277
183,278
183,282
183,287
183,290
183,329
183,426
183,586
184,195
184,202
184,204
184,205
184,223
184,230
184,247
184,255
184,257
184,263
184,266
184,286
184,331
184,359
184,419
184,527
184,476
184,483
185,186
185,189
185,228
185,249
185,250
185,255
185,256
185,278
185,288
185,292
185,294
185,331
185,363
185,369
185,397
186,203
186,207
186,223
186,227
186,236
186,239
186,246
186,251
186,264
186,273
186,276
186,278
186,279
186,291
186,296
186,330
186,368
187,188
187,196
187,204
187,233
187,245
187,285
187,295
187,519
188,197
188,201
188,205
188,222
188,244
188,248
188,251
188,272
188,276
188,287
188,298
188,340
188,343
188,540
188,500
188,503
189,190
189,224
189,227
189,233
189,235
189,243
189,245
189,246
189,254
189,260
189,266
189,299
189,532
190,205
190,208
190,218
190,223
190,239
190,242
190,260
190,264
190,265
190,270
190,276
190,295
190,519
191,200
191,202
191,204
191,214
191,217
191,233
191,235
191,244
191,250
191,262
191,267
191,278
191,287
191,306
191,541
191,561
192,193
192,203
192,214
192,217
192,231
192,233
192,256
192,263
192,289
192,290
192,325
192,390
192,488
192,508
193,204
193,210
193,217
193,223
193,237
193,253
193,261
193,267
193,275
193,283
193,286
193,291
193,336
193,338
193,507
194,195
194,200
194,202
194,207
194,216
194,226
194,228
194,246
194,252
194,284
194,285
194,293
194,298
194,316
194,352
194,369
195,200
195,204
195,207
195,211
195,218
195,225
195,227
195,234
195,236
195,238
195,263
195,289
195,298
195,534
195,568
196,198
196,203
196,213
196,218
196,222
196,233
196,240
196,246
196,253
196,266
196,272
196,280
196,282
196,285
196,288
196,296
196,329
196,388
196,407
196,416
196,524
196,580
197,198
197,209
197,215
197,220
197,225
197,227
197,229
197,233
197,235
197,271
197,274
197,280
197,290
197,296
197,378
197,428
197,455
197,511
198,208
198,214
198,217
198,230
198,233
198,244
198,247
198,262
198,268
198,276
198,281
198,295
198,299
198,550
198,453
198,472
199,221
199,222
199,237
199,254
199,255
199,264
199,276
199,280
199,289
199,382
199,407
199,428
199,548
199,460
200,207
200,213
200,216
200,227
200,234
200,235
200,240
200,243
200,250
200,257
200,269
200,280
200,289
200,294
201,212
201,224
201,244
201,256
201,272
201,276
201,282
201,283
201,289
201,294
201,514
201,497
202,206
202,209
202,218
202,225
202,226
202,235
202,253
202,263
202,273
202,274
202,278
202,279
202,289
202,298
202,331
202,367
202,388
202,409
202,552
203,220
203,233
203,249
203,258
203,295
204,222
204,224
204,226
204,231
204,236
204,260
204,261
204,263
204,270
204,362
204,382
204,414
204,489
205,230
205,249
205,254
205,266
205,269
205,275
205,276
205,279
205,291
205,328
206,207
206,208
206,209
206,212
206,214
206,223
206,227
206,236
206,241
206,262
206,275
206,281
206,285
206,286
206,387
207,209
207,210
207,216
207,220
207,241
207,254
207,260
207,270
207,273
207,289
207,360
207,487
208,212
208,219
208,220
208,225
208,239
208,249
208,250
208,255
208,280
208,286
208,298
208,302
208,308
208,362
208,564
208,470
208,485
209,223
209,227
209,230
209,231
209,236
209,241
209,273
209,277
209,356
209,536
209,548
210,225
210,234
210,235
210,243
210,250
210,252
210,256
210,258
210,265
210,276
210,291
210,298
210,299
210,353
210,441
210,582
211,214
211,217
211,225
211,228
211,238
211,244
211,246
211,247
211,250
211,251
211,262
211,288
211,292
211,293
211,336
212,221
212,231
212,233
212,236
212,238
212,251
212,252
212,255
212,256
212,264
212,268
212,269
212,284
212,288
212,289
212,292
212,314
212,557
212,456
212,476
213,221
213,224
213,229
213,233
213,238
213,253
213,266
213,272
213,281
213,291
213,292
213,308
213,486
214,218
214,219
214,222
214,224
214,227
214,263
214,265
214,272
214,287
214,382
214,592
214,451
215,219
215,223
215,230
215,237
215,241
215,248
215,252
215,256
215,263
215,264
215,282
215,292
215,294
215,552
215,561
215,465
215,489
216,228
216,244
216,256
216,259
216,265
216,267
216,282
216,294
216,333
216,360
216,466
216,496
217,235
217,236
217,241
217,251
217,255
217,257
217,264
217,271
217,311
217,567
218,225
218,252
218,276
218,298
218,313
219,229
219,230
219,236
219,238
219,244
219,257
219,259
219,262
219,263
219,269
219,277
219,282
219,283
219,288
219,295
219,380
219,597
220,229
220,232
220,242
220,245
220,246
220,253
220,267
220,277
220,291
220,545
220,593
221,229
221,245
221,258
221,259
221,262
221,270
221,274
221,280
221,285
221,298
221,330
221,578
221,462
222,224
222,228
222,233
222,240
222,241
222,245
222,289
222,298
222,464
223,232
223,242
223,243
223,257
223,261
223,264
223,267
223,271
223,278
223,280
223,337
223,359
223,363
223,371
223,475
224,225
224,232
224,238
224,245
224,252
224,271
224,288
224,357
224,365
224,390
224,568
224,452
224,453
224,474
225,227
225,237
225,264
225,271
225,274
225,282
225,288
225,295
225,335
225,415
225,512
225,539
226,233
226,240
226,250
226,261
226,264
226,269
226,273
226,274
226,283
226,297
226,474
227,230
227,242
227,244
227,247
227,251
227,257
227,263
227,276
227,368
227,453
227,465
227,501
228,237
228,273
228,281
228,283
228,284
228,286
228,555
228,580
228,461
228,478
229,237
229,239
229,241
229,269
229,280
229,284
229,293
229,296
229,372
229,553
229,583
230,236
230,237
230,241
230,242
230,244
230,247
230,266
230,281
230,286
230,292
230,293
230,594
231,235
231,247
231,255
231,271
231,275
231,283
231,292
231,297
231,301
231,375
232,234
232,245
232,263
232,286
232,287
232,294
232,340
232,534
232,599
232,462
233,235
233,252
233,256
233,283
233,285
233,288
233,292
233,299
233,316
233,505
234,249
234,251
234,255
234,256
234,262
234,267
234,273
234,277
234,288
234,348
234,540
234,553
234,450
235,238
235,243
235,244
235,245
235,251
235,261
235,278
235,279
235,281
235,303
235,522
235,549
236,237
236,245
236,254
236,270
236,286
236,288
236,295
236,514
236,579
237,241
237,247
237,276
237,280
237,284
237,297
237,330
237,414
238,251
238,261
238,267
238,272
238,277
238,283
238,292
238,321
238,367
238,550
238,465
239,240
239,247
239,286
239,500
240,241
240,246
240,255
240,260
240,283
240,294
240,348
240,425
240,519
241,248
241,250
241,261
241,275
241,279
241,289
241,292
241,293
241,296
241,299
241,306
241,382
241,597
242,248
242,260
242,264
242,279
242,283
242,284
242,297
242,557
243,253
243,259
243,263
243,272
243,275
243,278
243,283
243,288
243,291
243,292
243,293
243,297
243,441
244,249
244,256
244,262
244,266
244,269
244,278
244,285
244,286
244,289
244,541
244,553
244,505
245,246
245,248
245,251
245,268
245,280
245,289
245,291
245,545
245,465
246,274
246,280
246,284
246,295
246,296
247,260
247,266
247,281
247,284
247,285
247,286
247,291
247,507
247,510
248,249
248,268
248,279
248,283
248,291
248,293
248,533
248,550
248,476
249,258
249,297
249,553
250,252
250,257
250,260
250,265
250,276
250,291
250,294
250,296
250,299
251,252
251,256
251,275
251,276
251,287
251,288
251,427
252,253
252,274
252,277
252,285
252,286
252,287
252,290
252,292
252,297
252,299
252,391
252,538
252,467
252,473
253,264
253,269
253,279
253,283
253,293
253,298
253,383
253,550
253,553
253,593
253,463
253,472
254,266
254,287
254,293
254,299
254,420
254,549
255,262
255,278
255,288
255,295
255,550
255,575
255,596
255,471
256,271
256,277
256,279
256,281
256,286
256,295
256,296
256,310
257,258
257,274
257,292
257,294
257,298
257,512
257,584
257,510
258,262
258,268
258,275
258,276
258,284
258,342
258,569
259,266
259,271
259,293
259,296
259,538
260,265
260,269
260,289
260,291
260,292
260,294
261,266
261,277
261,288
261,289
261,295
261,298
261,299
261,347
261,509
262,281
262,282
262,299
262,354
262,362
262,404
262,497
263,264
263,278
263,280
263,282
263,296
263,366
263,541
263,476
264,265
264,288
264,348
265,267
265,277
265,286
265,403
265,588
266,272
266,273
266,279
266,285
266,297
266,335
266,387
266,472
267,272
267,279
267,281
267,284
267,285
267,353
267,403
267,526
268,398
269,271
269,296
269,524
269,505
270,274
270,283
270,297
270,518
271,276
271,280
271,291
271,299
271,341
271,590
271,483
272,274
272,280
272,285
272,289
272,299
272,453
272,506
273,282
273,289
273,291
273,309
273,400
274,276
274,286
274,293
274,298
274,327
274,352
275,282
275,284
275,297
275,299
275,351
275,597
276,289
276,334
276,337
276,361
276,400
276,453
276,495
277,281
277,282
277,286
277,347
277,371
277,526
278,474
279,280
279,292
279,295
279,298
279,377
279,399
279,490
280,291
280,381
280,569
280,489
281,289
281,298
281,398
281,439
281,554
281,488
282,284
282,286
282,410
283,287
283,288
283,290
283,295
283,298
283,345
283,540
284,288
284,328
284,373
284,432
284,546
284,470
284,485
284,486
285,286
285,293
285,371
285,565
285,568
286,335
286,351
286,373
286,561
287,294
287,439
287,550
287,568
287,480
288,298
288,305
288,499
289,366
289,373
289,493
290,293
290,303
290,526
291,331
291,340
291,346
291,357
291,560
291,450
292,426
292,500
293,340
293,378
294,412
294,438
295,298
295,550
296,304
296,327
296,510
297,380
297,448
297,574
298,517
298,472
298,510
299,426
299,458
300,303
300,309
300,316
300,326
300,332
300,333
300,351
300,355
300,370
300,393
300,399
300,401
300,402
300,403
300,407
300,412
300,417
300,420
300,422
300,423
300,535
300,549
300,475
300,496
301,312
301,325
301,330
301,333
301,346
301,353
301,354
301,358
301,360
301,361
301,367
301,376
301,380
301,388
301,392
301,412
301,440
301,442
302,315
302,318
302,323
302,324
302,325
302,332
302,335
302,337
302,347
302,348
302,352
302,356
302,358
302,359
302,361
302,362
302,371
302,372
302,373
302,410
302,422
302,426
302,428
302,440
302,448
302,449
303,305
303,307
303,309
303,313
303,321
303,329
303,344
303,347
303,368
303,371
303,375
303,411
303,446
303,447
303,466
303,502
304,310
304,315
304,316
304,321
304,323
304,329
304,342
304,343
304,345
304,349
304,355
304,357
304,375
304,386
304,392
304,395
304,397
304,415
304,416
304,422
304,425
304,430
304,437
304,443
304,447
305,311
305,321
305,330
305,335
305,340
305,347
305,350
305,352
305,364
305,365
305,380
305,384
305,400
305,404
305,413
305,420
305,424
305,433
305,435
305,437
305,438
305,444
305,503
306,330
306,336
306,342
306,353
306,361
306,369
306,386
306,389
306,402
306,405
306,410
306,422
306,425
306,435
306,437
306,441
306,443
306,513
306,494
307,328
307,337
307,340
307,342
307,348
307,354
307,359
307,360
307,380
307,388
307,391
307,394
307,409
307,421
307,424
307,432
307,437
307,438
307,441
307,445
307,447
307,566
308,315
308,322
308,349
308,380
308,382
308,383
308,384
308,392
308,413
308,423
308,431
308,441
308,442
308,526
308,545
308,556
308,588
308,598
308,495
309,322
309,338
309,341
309,343
309,344
309,347
309,358
309,362
309,374
309,380
309,382
309,394
309,402
309,417
309,418
309,423
309,425
309,429
309,430
309,442
309,449
309,535
309,561
310,318
310,326
310,340
310,342
310,346
310,350
310,387
310,412
310,414
310,421
310,424
310,426
310,430
311,317
311,318
311,323
311,339
311,340
311,355
311,357
311,371
311,373
311,379
311,410
311,423
311,429
311,433
311,456
312,321
312,325
312,329
312,348
312,360
312,363
312,383
312,400
312,417
312,424
312,448
312,531
312,498
312,511
313,315
313,316
313,320
313,323
313,326
313,329
313,345
313,353
313,365
313,374
313,376
313,391
313,396
313,406
313,416
313,417
313,426
313,443
313,542
314,322
314,330
314,334
314,338
314,341
314,366
314,382
314,391
314,400
314,405
314,406
314,407
314,415
314,435
314,444
314,449
314,584
314,503
315,347
315,350
315,360
315,363
315,369
315,373
315,391
315,393
315,395
315,403
315,427
315,431
315,438
315,441
315,448
315,561
315,460
315,480
316,318
316,320
316,322
316,332
316,339
316,341
316,342
316,345
316,359
316,369
316,371
316,379
316,390
316,395
316,398
316,405
316,421
316,437
316,438
316,525
316,459
316,466
317,325
317,330
317,331
317,353
317,360
317,361
317,369
317,379
317,381
317,397
317,403
317,415
317,416
317,430
317,436
317,444
318,320
318,349
318,357
318,359
318,362
318,371
318,375
318,386
318,387
318,397
318,400
318,401
318,403
318,419
318,517
318,510
319,320
319,329
319,330
319,334
319,338
319,349
319,358
319,363
319,365
319,379
319,383
319,390
319,401
319,403
319,414
319,420
319,422
319,430
319,436
319,555
319,474
320,326
320,328
320,347
320,349
320,356
320,368
320,379
320,381
320,383
320,399
320,401
320,410
320,418
320,436
320,437
320,439
320,446
320,448
320,534
321,324
321,325
321,341
321,343
321,346
321,348
321,349
321,352
321,359
321,363
321,366
321,369
321,372
321,380
321,385
321,390
321,417
321,425
321,429
321,432
321,444
321,506
322,331
322,362
322,365
322,378
322,393
322,398
322,403
322,404
322,410
322,413
322,415
322,420
322,427
322,436
322,442
322,447
323,335
323,336
323,342
323,344
323,360
323,368
323,376
323,382
323,384
323,394
323,401
323,404
323,409
323,416
323,417
323,426
323,427
323,432
323,442
323,445
323,519
324,337
324,341
324,348
324,353
324,354
324,358
324,363
324,368
324,372
324,377
324,381
324,386
324,401
324,402
324,408
324,412
324,428
324,429
324,446
324,539
324,585
325,332
325,334
325,335
325,342
325,350
325,351
325,362
325,392
325,402
325,407
325,415
325,429
325,433
325,446
325,570
326,329
326,332
326,335
326,336
326,352
326,353
326,366
326,384
326,398
326,412
326,417
326,422
326,437
326,439
326,447
326,518
326,565
326,579
326,465
327,330
327,372
327,374
327,386
327,392
327,393
327,399
327,405
327,415
327,419
327,426
327,436
327,449
327,534
328,331
328,334
328,339
328,341
328,349
328,365
328,368
328,378
328,383
328,387
328,405
328,406
328,414
328,432
328,470
329,331
329,337
329,347
329,354
329,360
329,378
329,383
329,388
329,397
329,407
329,415
329,416
329,440
329,442
329,516
329,561
330,340
330,356
330,358
330,395
330,402
330,413
330,431
330,433
330,443
330,452
331,332
331,334
331,353
331,361
331,365
331,378
331,398
331,405
331,415
331,419
331,420
331,421
331,432
331,437
331,512
331,570
332,334
332,341
332,360
332,364
332,366
332,413
332,417
332,427
332,428
332,432
332,434
332,465
333,339
333,341
333,345
333,354
333,356
333,358
333,363
333,364
333,385
333,393
333,404
333,413
333,426
333,437
333,443
333,445
334,338
334,339
334,343
334,355
334,357
334,359
334,364
334,371
334,376
334,384
334,398
334,416
334,434
334,438
334,442
334,444
334,448
334,526
334,536
335,337
335,339
335,343
335,373
335,375
335,376
335,377
335,379
335,382
335,388
335,389
335,391
335,409
335,439
335,441
336,353
336,358
336,368
336,392
336,413
336,415
336,422
336,426
336,427
336,448
336,449
336,458
337,341
337,351
337,353
337,355
337,372
337,376
337,377
337,403
337,406
337,408
337,416
337,435
337,436
337,438
337,449
338,357
338,358
338,366
338,368
338,377
338,387
338,393
338,394
338,395
338,407
338,408
338,429
338,436
338,440
338,555
338,595
339,348
339,356
339,359
339,364
339,384
339,396
339,401
339,405
339,411
339,413
339,423
339,425
339,442
339,447
339,448
339,480
339,505
340,346
340,349
340,350
340,351
340,390
340,393
340,402
340,410
340,413
340,422
340,432
340,443
340,445
341,346
341,350
341,358
341,367
341,371
341,379
341,380
341,385
341,391
341,393
341,397
341,401
341,402
341,429
341,431
341,442
341,560
341,568
341,594
342,350
342,362
342,385
342,387
342,388
342,423
342,427
342,432
342,439
342,440
342,448
342,583
342,510
343,348
343,355
343,359
343,364
343,368
343,372
343,384
343,389
343,395
343,396
343,398
343,400
343,415
343,416
343,424
343,444
343,446
343,449
344,345
344,358
344,361
344,363
344,365
344,373
344,374
344,390
344,406
344,412
344,438
344,442
344,444
344,445
344,477
344,507
345,349
345,359
345,368
345,372
345,373
345,377
345,381
345,388
345,389
345,400
345,425
345,436
346,347
346,355
346,359
346,360
346,364
346,368
346,369
346,371
346,374
346,390
346,419
346,420
346,423
346,436
346,438
346,445
346,446
347,351
347,357
347,374
347,376
347,377
347,382
347,395
347,398
347,403
347,408
347,410
347,421
347,425
347,426
347,433
347,436
347,447
347,448
348,353
348,365
348,384
348,402
348,406
348,412
348,413
348,421
348,423
348,442
348,586
348,450
348,490
349,369
349,371
349,389
349,391
349,411
349,427
349,429
349,434
349,436
349,437
349,443
349,446
349,523
349,467
349,504
350,352
350,355
350,357
350,359
350,365
350,367
350,376
350,377
350,386
350,400
350,403
350,405
350,418
350,420
350,423
350,427
350,428
350,437
350,441
350,446
350,522
350,576
350,469
351,380
351,383
351,397
351,410
351,412
351,426
351,428
351,439
351,442
351,581
351,453
352,359
352,364
352,368
352,369
352,380
352,381
352,410
352,414
352,439
352,445
353,354
353,358
353,377
353,386
353,395
353,400
353,424
353,429
353,434
353,439
353,441
353,523
353,552
353,585
354,355
354,361
354,373
354,377
354,380
354,395
354,402
354,417
354,430
354,433
354,436
354,438
354,439
354,483
354,498
355,359
355,366
355,384
355,393
355,404
355,405
355,425
355,442
355,444
355,577
356,386
356,389
356,407
356,410
356,420
356,422
356,423
356,427
356,437
356,438
356,443
356,585
357,396
357,397
357,400
357,408
357,415
357,423
357,425
357,427
357,539
357,559
358,364
358,365
358,368
358,385
358,391
358,399
358,402
358,410
358,413
358,414
358,420
358,573
358,503
358,510
359,379
359,388
359,399
359,409
359,410
359,412
359,413
359,419
359,426
359,428
359,429
359,432
359,433
359,513
359,534
359,484
360,361
360,364
360,367
360,369
360,381
360,383
360,384
360,387
360,392
360,407
360,409
360,416
360,419
360,423
360,436
360,446
360,468
361,369
361,379
361,388
361,391
361,405
361,407
361,412
361,420
361,426
361,427
361,428
361,432
361,437
361,438
362,363
362,364
362,371
362,372
362,373
362,379
362,414
362,426
362,432
362,436
362,439
362,529
362,468
363,365
363,371
363,379
363,380
363,384
363,395
363,405
363,408
363,410
363,419
363,433
363,435
363,436
363,453
364,365
364,369
364,374
364,377
364,392
364,395
364,396
364,407
364,409
364,434
364,437
364,449
364,562
364,567
364,461
364,471
365,367
365,373
365,380
365,382
365,398
365,409
365,424
365,427
365,432
365,433
365,486
365,493
366,372
366,373
366,406
366,410
366,412
366,416
366,422
366,440
366,558
366,568
366,583
366,455
367,383
367,386
367,392
367,394
367,405
367,407
367,417
367,419
367,440
367,446
367,448
367,551
368,369
368,393
368,397
368,398
368,402
368,406
368,420
368,424
368,426
368,438
368,440
368,441
369,371
369,379
369,385
369,393
369,398
369,408
369,436
370,388
370,395
370,398
370,430
370,435
370,446
370,448
370,551
371,381
371,406
371,409
371,415
371,426
371,430
371,433
371,435
371,437
371,442
371,461
372,381
372,395
372,412
372,414
372,422
372,424
372,435
372,437
372,439
372,441
372,444
372,529
372,540
373,394
373,409
373,414
373,416
373,445
373,554
374,384
374,387
374,392
374,415
374,416
374,420
374,423
374,425
374,429
374,446
375,379
375,380
375,383
375,397
375,406
375,407
375,408
375,411
375,412
375,414
375,416
375,417
375,421
375,436
375,440
375,444
376,390
376,391
376,392
376,395
376,409
376,412
376,425
376,430
376,431
376,442
376,449
376,521
377,380
377,386
377,389
377,390
377,402
377,420
377,427
377,434
377,435
377,541
378,382
378,397
378,398
378,404
378,406
378,412
378,442
378,554
379,381
379,389
379,397
379,403
379,412
379,423
379,428
379,444
379,520
379,552
380,382
380,415
380,418
380,434
380,436
380,437
380,439
380,442
380,446
380,449
381,383
381,398
381,399
381,415
381,416
381,419
381,420
381,423
381,437
381,438
381,444
381,515
381,557
382,387
382,389
382,393
382,413
382,423
382,434
382,435
382,438
382,442
382,444
382,445
382,447
382,452
382,504
382,509
383,387
383,388
383,409
383,414
383,416
383,423
383,425
383,432
383,439
383,443
383,563
384,390
384,392
384,402
384,403
384,410
384,423
384,441
384,442
384,443
384,448
384,529
384,492
385,408
385,421
385,435
385,439
385,441
385,443
385,554
385,477
385,484
385,493
386,399
386,405
386,437
386,439
386,522
386,570
387,401
387,402
387,404
387,408
387,416
387,425
387,426
387,433
387,436
387,445
387,592
388,389
388,415
388,417
388,434
388,435
388,447
388,449
388,468
389,397
389,428
389,432
389,443
389,448
389,484
390,393
390,394
390,429
390,431
390,432
390,434
390,435
390,439
390,478
391,393
391,401
391,406
391,421
391,424
391,439
391,444
391,458
392,394
392,399
392,406
392,409
392,415
392,421
392,427
392,429
392,432
392,445
392,586
393,402
393,409
393,414
393,416
393,419
393,429
393,431
393,444
393,464
394,398
394,402
394,420
394,421
394,447
394,449
394,514
395,396
395,410
395,412
395,415
395,418
395,429
395,435
395,437
395,443
396,407
396,412
396,424
396,429
396,447
397,401
397,421
397,422
397,423
397,427
397,431
397,451
397,455
397,484
398,399
398,401
398,563
398,454
399,404
399,405
399,411
399,419
399,421
399,429
399,437
399,442
400,406
400,411
400,424
400,436
400,438
400,439
400,440
400,442
401,411
401,418
401,421
401,422
401,427
401,434
401,442
401,447
401,448
401,534
401,481
402,437
402,444
402,459
402,461
402,496
403,405
403,411
403,433
403,439
403,529
403,547
404,437
404,440
404,441
404,587
404,498
405,412
405,420
405,428
405,441
405,444
405,515
405,581
405,588
406,430
406,441
406,442
406,447
407,431
407,435
407,513
407,524
407,536
407,476
408,409
408,418
408,423
408,448
409,422
409,424
409,425
409,429
409,433
409,434
409,440
409,443
409,520
409,540
409,556
410,412
410,422
410,436
410,447
410,488
411,416
411,434
411,443
411,499
412,416
412,425
412,426
412,429
412,433
412,438
412,440
412,598
412,452
413,417
413,429
413,436
413,445
414,415
414,426
414,436
414,438
414,439
414,475
415,430
415,431
415,442
415,505
416,436
416,440
416,441
416,559
416,565
416,451
416,463
416,493
417,421
417,426
417,442
417,536
418,420
418,421
418,422
418,424
418,432
418,457
418,507
419,420
419,423
419,424
419,428
419,434
419,529
419,531
420,426
420,433
420,438
420,439
420,448
421,426
421,442
421,445
421,561
422,424
422,432
422,445
422,556
422,457
423,446
423,527
424,425
424,428
424,435
424,479
425,429
425,443
425,598
426,438
426,439
426,574
426,453
427,449
427,540
428,436
428,508
429,431
429,434
429,565
429,489
430,434
430,446
430,560
431,438
431,539
431,545
431,546
431,452
431,502
432,439
432,440
432,443
432,446
432,449
432,528
433,437
433,442
433,586
433,589
433,591
433,507
434,435
434,440
434,466
435,441
435,449
435,518
435,457
436,445
436,460
437,449
437,470
437,503
437,505
439,484
440,445
440,545
440,506
441,445
441,448
441,449
442,443
442,444
442,446
442,449
442,541
442,595
443,446
443,556
444,486
444,497
445,540
446,469
446,510
447,448
447,514
512,530
512,533
512,553
512,591
512,599
512,487
512,488
512,489
512,499
513,518
513,565
513,570
513,585
513,591
513,592
513,453
513,455
513,456
513,468
513,478
513,486
513,487
513,492
514,516
514,527
514,533
514,549
514,557
514,558
514,567
514,585
514,586
514,588
514,591
514,594
514,599
514,455
514,462
514,464
514,465
514,475
514,476
514,480
514,485
514,500
514,508
514,511
515,542
515,550
515,551
515,571
515,591
515,599
515,455
515,461
515,464
515,489
515,493
515,496
515,497
515,510
516,532
516,547
516,561
516,563
516,564
516,585
516,586
516,595
516,450
516,455
516,460
516,462
516,468
516,480
516,494
516,502
517,519
517,531
517,554
517,570
517,571
517,590
517,450
517,472
517,479
517,483
517,491
517,493
517,497
517,498
518,532
518,533
518,536
518,554
518,557
518,558
518,559
518,560
518,564
518,572
518,574
518,582
518,591
518,594
518,595
518,451
518,460
518,463
518,476
518,483
519,529
519,535
519,536
519,538
519,562
519,568
519,578
519,452
519,454
519,457
519,478
519,481
519,486
519,488
519,491
519,504
520,521
520,526
520,530
520,531
520,535
520,543
520,563
520,569
520,577
520,579
520,456
520,459
520,469
520,475
520,492
520,494
520,504
520,508
521,522
521,538
521,552
521,561
521,563
521,565
521,569
521,578
521,580
521,586
521,459
521,463
521,482
521,502
521,505
522,533
522,548
522,557
522,562
522,572
522,573
522,575
522,586
522,587
522,593
522,452
522,463
522,466
522,469
522,473
522,474
522,496
522,504
523,525
523,548
523,559
523,560
523,567
523,568
523,575
523,452
523,453
523,461
523,464
523,466
523,471
523,479
523,485
523,492
523,497
523,508
523,510
524,525
524,533
524,548
524,563
524,588
524,596
524,453
524,473
524,476
524,500
524,505
524,507
524,510
525,539
525,565
525,578
525,583
525,597
525,462
525,471
525,489
525,490
525,497
525,509
525,510
525,511
526,545
526,557
526,559
526,561
526,569
526,579
526,583
526,460
526,462
526,466
526,502
526,505
526,510
527,532
527,533
527,552
527,554
527,577
527,579
527,589
527,450
527,451
527,469
527,470
527,476
527,479
527,486
527,491
527,492
527,494
527,503
527,506
528,529
528,545
528,553
528,561
528,563
528,566
528,569
528,575
528,588
528,598
528,451
528,452
528,455
528,464
528,471
528,472
528,476
528,493
528,509
529,535
529,537
529,538
529,550
529,558
529,565
529,568
529,569
529,588
529,591
529,597
529,599
529,466
529,470
529,480
529,483
529,497
529,511
530,531
530,535
530,538
530,545
530,547
530,555
530,557
530,565
530,571
530,579
530,580
530,582
530,594
530,596
530,453
530,456
530,462
530,471
530,479
530,484
530,485
530,501
530,505
531,532
531,539
531,540
531,546
531,547
531,559
531,568
531,577
531,585
531,597
531,450
531,456
531,472
531,490
531,491
531,495
532,533
532,538
532,540
532,549
532,550
532,558
532,576
532,580
532,584
532,593
532,451
532,452
532,457
532,479
532,500
532,501
532,505
533,556
533,559
533,566
533,569
533,571
533,579
533,580
533,581
533,584
533,590
533,593
533,596
533,458
533,474
533,475
533,479
533,483
533,487
533,488
533,489
533,491
533,504
534,537
534,540
534,541
534,559
534,563
534,577
534,589
534,595
534,452
534,474
534,483
534,502
535,546
535,570
535,578
535,587
535,453
535,454
535,457
535,459
535,484
535,493
535,498
536,539
536,540
536,541
536,548
536,554
536,574
536,456
536,474
536,476
536,502
536,505
536,506
537,540
537,541
537,568
537,577
537,583
537,586
537,589
537,454
537,456
537,472
537,488
537,495
538,540
538,543
538,551
538,558
538,564
538,567
538,570
538,581
538,594
538,451
538,452
538,468
538,469
538,470
538,489
538,491
538,492
538,498
538,500
538,506
538,508
538,511
539,548
539,552
539,558
539,564
539,569
539,572
539,574
539,575
539,583
539,584
539,585
539,589
539,592
539,594
539,450
539,454
539,469
539,479
539,482
539,500
540,550
540,558
540,566
540,569
540,578
540,579
540,580
540,586
540,452
540,457
540,459
540,462
540,465
540,472
540,473
540,483
540,491
540,493
540,506
540,509
540,510
541,555
541,558
541,567
541,570
541,572
541,579
541,585
541,592
541,597
541,452
541,454
541,458
541,459
541,460
541,461
541,466
541,468
541,472
541,481
542,549
542,559
542,573
542,578
542,581
542,456
542,457
542,463
542,465
542,483
542,488
542,492
542,493
542,494
542,499
542,502
542,510
543,564
543,577
543,578
543,579
543,580
543,451
543,461
543,463
543,466
543,476
543,493
544,545
544,546
544,568
544,577
544,591
544,595
544,596
544,451
544,467
544,472
544,476
544,483
544,486
544,488
544,495
544,501
545,555
545,568
545,571
545,585
545,591
545,599
545,454
545,458
545,460
545,468
545,472
545,482
545,488
545,495
545,510
546,547
546,553
546,570
546,574
546,580
546,595
546,467
546,486
546,491
546,503
546,507
547,558
547,562
547,577
547,581
547,582
547,585
547,590
547,459
547,467
547,468
547,471
547,479
547,503
547,510
548,549
548,550
548,560
548,451
548,464
548,468
548,482
548,500
548,503
549,552
549,554
549,559
549,582
549,584
549,593
549,598
549,455
549,457
549,459
549,466
549,474
549,503
549,504
549,508
550,571
550,576
550,584
550,475
550,484
550,498
550,505
551,560
551,574
551,579
551,584
551,586
551,591
551,454
551,459
551,468
551,472
551,500
551,503
552,562
552,572
552,593
552,481
552,488
553,558
553,565
553,566
553,571
553,576
553,583
553,586
553,463
553,472
553,477
553,488
553,495
553,496
553,510
553,511
554,570
554,581
554,596
554,460
554,474
554,491
554,509
555,568
555,570
555,580
555,581
555,582
555,584
555,587
555,591
555,450
555,469
555,479
555,488
555,497
556,564
556,569
556,572
556,581
556,587
556,589
556,597
556,464
556,477
556,483
556,485
556,489
556,491
556,498
556,505
556,509
557,559
557,566
557,572
557,575
557,584
557,595
557,458
557,460
557,473
557,482
557,504
557,507
557,508
558,560
558,564
558,567
558,579
558,585
558,592
558,597
558,598
558,599
558,460
558,465
558,469
558,471
558,476
558,496
558,498
559,561
559,577
559,583
559,587
559,593
559,450
559,470
559,471
559,478
560,565
560,566
560,567
560,570
560,578
560,579
560,586
560,595
560,459
560,462
560,470
560,482
560,483
560,501
561,566
561,570
561,575
561,588
561,598
561,459
561,465
561,487
561,495
561,503
561,508
562,566
562,569
562,577
562,587
562,460
562,468
562,472
562,473
562,479
562,487
562,489
562,494
562,502
562,504
562,510
562,511
563,572
563,577
563,595
563,596
563,457
563,469
563,478
563,492
564,579
564,585
564,587
564,596
564,598
564,452
564,463
564,465
564,467
564,469
564,479
564,488
564,499
565,580
565,582
565,583
565,590
565,450
565,453
565,459
565,472
565,475
565,491
565,493
565,502
565,505
565,509
566,599
566,450
566,453
566,474
566,478
566,488
566,494
566,497
566,510
567,571
567,584
567,591
567,453
567,455
567,467
567,468
567,479
567,481
567,495
567,509
568,586
568,590
568,593
568,457
568,459
568,471
568,476
568,478
568,480
568,498
569,577
569,585
569,590
569,592
569,455
569,466
569,480
569,488
569,491
569,497
569,502
569,507
570,578
570,450
570,480
570,487
570,496
570,498
570,499
570,508
571,585
571,460
571,473
571,475
571,482
571,501
571,503
571,506
572,579
572,452
572,477
572,490
572,511
573,590
573,455
573,460
573,465
573,470
573,481
573,487
573,506
573,510
574,582
574,599
574,451
574,467
574,469
574,474
574,487
574,502
574,506
575,582
575,451
575,479
575,494
575,506
575,509
576,578
576,582
576,456
576,460
576,469
576,473
576,479
576,498
576,500
576,501
576,505
577,582
577,583
577,452
577,457
577,460
577,469
577,482
577,483
577,488
577,500
577,501
577,508
578,579
578,587
578,458
578,464
578,475
578,493
578,495
579,592
579,455
579,456
579,460
579,463
579,471
579,493
579,495
579,497
579,506
579,508
580,590
580,595
580,458
580,459
580,460
580,480
580,485
580,489
580,498
580,502
581,585
581,594
581,455
581,456
581,457
581,461
581,481
581,484
581,497
581,498
581,502
582,584
582,586
582,599
582,452
582,466
582,468
582,469
582,471
582,478
582,480
582,483
582,491
582,493
582,494
582,496
582,505
583,585
583,586
583,456
583,466
583,468
583,471
583,475
583,484
583,496
583,500
583,511
584,454
584,465
584,469
584,475
584,477
584,484
584,489
584,494
584,501
585,586
585,454
585,458
585,465
585,473
585,485
585,488
585,495
585,504
585,505
585,506
585,508
586,587
586,590
586,456
586,465
586,479
586,490
586,492
586,493
586,494
586,509
587,594
587,597
587,598
587,452
587,454
587,457
587,463
587,467
587,470
587,472
587,488
587,491
587,498
587,511
588,593
588,594
588,460
588,462
588,468
588,478
588,479
588,483
588,488
588,491
588,494
588,501
588,504
589,598
589,458
589,459
589,467
589,478
589,481
589,484
589,485
589,502
589,506
590,598
590,599
590,453
590,466
590,471
590,474
590,475
590,494
590,497
591,598
591,461
591,468
591,469
591,474
591,475
591,493
591,511
592,597
592,450
592,454
592,486
592,489
592,491
592,494
593,594
593,598
593,599
593,455
593,472
593,474
593,480
593,499
593,508
593,510
594,597
594,459
594,460
594,468
594,478
594,487
594,488
594,510
595,458
595,467
595,471
595,472
595,473
595,476
595,485
595,488
595,492
595,502
595,508
595,511
596,453
596,459
596,460
596,474
596,477
596,478
596,493
596,494
596,497
596,504
596,505
597,450
597,459
597,477
597,482
597,489
597,504
597,508
598,457
598,479
598,480
598,490
598,496
598,497
598,501
598,505
598,508
599,450
599,457
599,465
599,472
599,490
599,509
450,453
450,471
450,481
450,484
450,502
451,455
451,457
451,464
451,468
451,479
451,484
451,503
452,469
452,472
452,496
453,480
453,481
453,484
453,491
453,492
453,495
453,503
453,506
453,507
453,509
454,463
454,475
454,480
454,486
454,492
454,504
455,457
455,459
455,472
455,480
455,482
455,484
455,495
455,501
455,502
456,458
456,460
456,462
456,464
456,470
456,508
456,511
457,491
457,499
457,508
458,466
458,476
458,492
458,494
458,510
459,462
459,470
459,486
459,491
460,463
460,464
460,469
460,479
460,485
460,490
460,494
460,511
461,466
461,468
461,473
461,483
461,485
461,491
461,499
461,508
462,484
462,486
462,488
462,495
462,504
463,468
463,471
463,475
463,488
463,491
463,499
463,506
463,510
464,465
464,471
464,473
464,485
464,487
464,488
464,489
464,499
464,503
464,505
464,506
464,507
465,494
465,505
465,506
466,472
466,476
466,477
466,481
466,488
466,499
467,476
467,481
467,486
467,506
468,476
468,478
468,480
468,484
468,485
468,486
468,496
468,497
469,483
469,485
469,492
469,494
469,504
469,507
469,509
470,471
470,482
470,511
471,473
471,474
471,477
471,479
471,494
472,473
472,476
472,478
472,479
473,475
473,483
473,492
473,493
473,498
473,507
473,508
474,495
474,501
475,480
475,486
475,489
475,493
475,494
475,497
475,498
475,500
475,504
476,495
476,505
477,481
477,486
477,494
477,495
477,502
477,508
478,482
478,485
478,486
478,491
479,482
479,489
479,504
480,481
480,491
480,492
480,496
480,502
480,506
481,486
481,488
481,491
481,492
481,498
481,499
482,497
482,506
483,486
483,495
483,498
483,508
484,485
484,486
484,493
484,494
484,498
485,497
485,498
485,503
486,495
486,510
487,495
487,505
487,506
487,507
488,490
488,507
489,498
489,506
489,511
490,503
490,504
490,507
492,505
493,496
493,508
494,500
494,503
495,504
496,498
496,511
498,509
498,511
499,503
500,502
500,505
501,507
502,509
503,505
503,506
505,507
506,507
506,509
