Vertex 1,Vertex 2
1006,1061
101,689
1255,1765
532,1141
1425,1947
363,1369
905,1423
1612,1810
5,1395
839,1069
1630,1827
26,1454
1275,1370
1297,1883
1245,1464
142,848
450,735
1852,1876
1250,1313
315,510
738,1138
1727,1881
1625,1870
257,1508
192,561
625,1611
1475,1781
169,348
258,1854
72,644
214,993
310,1455
377,462
55,182
1063,1958
1137,1907
1576,1725
1087,1268
1078,1714
1460,1779
92,222
1188,1845
1680,1782
1000,1794
1757,1773
1003,1045
15,1170
261,408
1002,1840
1095,1802
1351,1728
1194,1781
669,876
352,1465
1028,1748
1000,1915
776,975
743,798
440,531
1193,1263
23,593
685,978
24,1232
1724,1838
780,986
1048,1969
585,747
880,1338
1141,1867
1163,1397
1691,1782
388,583
1047,1451
1575,1836
1272,1569
223,1418
350,1230
1098,1389
1122,1746
1575,1728
49,1009
1773,1972
1360,1803
392,594
273,902
1735,1865
508,1708
33,1186
547,1636
1006,1921
1257,1274
522,825
950,1760
1376,1639
1716,1973
1835,1924
1100,1475
377,851
251,483
1032,1048
851,1939
1182,1221
91,1662
1297,1467
1307,1926
768,1123
1242,1945
1410,1758
1165,1927
334,1770
19,446
313,435
566,615
865,1177
1123,1701
1054,1830
739,772
1016,1309
348,621
1695,1863
143,1155
1301,1478
55,1042
339,572
633,790
1042,1712
89,397
1083,1484
1671,1920
1635,1997
267,669
220,328
1128,1937
983,1024
1023,1591
1092,1196
1047,1948
775,1489
54,1729
508,1145
1142,1956
1387,1760
370,393
265,865
848,957
1326,1484
1771,1871
1339,1423
79,631
170,978
1332,1420
317,1442
425,450
1097,1782
130,798
37,341
816,1274
1053,1712
382,524
1168,1433
1555,1842
426,567
551,1730
952,1027
1203,1548
1418,1436
466,989
158,873
361,707
1886,1955
915,1266
433,1980
216,1228
1525,1683
1244,1670
310,597
1497,1621
184,229
1035,1267
1018,1623
1081,1154
1177,1616
12,122
1485,1503
370,1816
289,659
203,1410
1531,1619
13,761
113,470
1374,1672
1071,1863
250,704
1015,1739
139,607
797,1745
1559,1802
50,535
444,1886
48,1886
91,307
354,946
118,898
219,721
1566,1963
1432,1734
771,1463
1005,1401
2,723
84,533
1109,1458
1092,1814
99,1824
453,1827
726,939
230,1526
763,1989
121,307
250,946
189,441
240,901
1177,1979
1953,1971
1082,1863
516,1186
1371,1471
1744,1982
469,845
350,1419
1081,1409
1304,1417
1190,1581
1515,1866
173,739
1267,1764
1836,1921
1495,1628
93,221
1230,1882
511,734
1610,1874
348,447
229,1021
540,617
177,565
1309,1882
1171,1423
37,262
99,911
797,953
800,958
492,842
332,624
1178,1813
538,958
288,783
202,743
250,262
637,671
790,913
347,609
1340,1353
1671,1867
1014,1597
1225,1780
323,1154
211,684
323,925
230,734
629,968
1095,1670
491,509
2,52
374,1092
1050,1375
1864,1888
93,584
101,704
38,96
1051,1721
1801,1953
321,1616
1749,1763
1536,1655
1673,1889
188,979
637,805
535,794
858,1447
1083,1794
498,646
9,455
74,584
836,870
1481,1840
209,220
54,1100
1076,1791
257,705
1156,1491
189,241
340,410
283,1108
116,702
1303,1955
1463,1907
69,361
1113,1794
645,1460
423,1347
970,991
32,708
574,762
1076,1912
236,703
475,985
1464,1499
185,657
859,867
1416,1724
602,982
729,757
1534,1679
1207,1321
435,1707
72,901
691,1404
6,547
1427,1738
391,883
293,311
1941,1959
532,593
210,542
850,1168
277,1535
514,990
128,1412
1198,1851
1432,1789
1759,1918
100,1121
1225,1459
216,249
1647,1862
69,724
143,673
1218,1456
191,192
743,934
1276,1397
1116,1179
111,1889
1112,1703
1640,1859
265,1538
1208,1936
288,475
1114,1520
381,437
597,1001
757,953
1364,1631
292,365
1345,1389
1025,1936
261,786
159,1004
500,1068
94,380
1211,1803
1011,1220
94,1548
1100,1477
1598,1690
832,1891
1102,1523
481,910
1547,1873
308,430
442,1184
230,547
823,1290
95,322
642,720
334,604
1273,1755
1194,1233
115,1728
412,1426
486,1375
429,841
1179,1827
229,258
38,727
112,676
1588,1766
392,730
1431,1819
110,980
7,101
366,677
1359,1421
75,730
1157,1701
1465,1817
651,1829
1110,1885
1421,1481
65,456
244,687
1,929
1535,1997
463,731
1400,1543
1171,1720
1569,1766
977,1891
1352,1768
142,1026
51,413
1198,1301
443,910
584,620
470,747
1103,1185
1366,1824
65,698
1472,1725
415,1979
2,349
1115,1424
1460,1607
80,942
732,868
1206,1956
1135,1258
1754,1761
1021,1910
352,354
1356,1900
155,749
334,980
115,118
472,1853
742,1448
105,110
215,470
55,252
1715,1954
519,1110
1102,1202
1029,1626
1285,1323
340,586
262,703
1174,1199
1291,1784
38,406
289,1708
1863,1946
428,591
37,706
116,999
1284,1973
1439,1618
35,1828
1564,1798
1323,1443
1355,1624
501,1749
623,951
349,1880
1285,1336
617,877
1216,1465
1128,1618
796,879
121,1464
1320,1559
74,894
1738,1806
1006,1628
500,1002
219,723
632,892
1258,1583
645,831
180,997
204,1125
686,1128
947,1398
634,938
933,1005
1012,1298
1374,1916
66,602
871,1524
664,1231
566,659
1221,1822
1269,1570
1136,1980
1375,1471
1103,1803
1614,1753
1438,1527
1102,1578
629,1883
154,607
632,1134
1022,1060
65,269
4,1013
436,441
102,1090
284,838
817,1301
195,729
1602,1756
134,1015
478,559
688,783
213,490
1083,1541
781,947
230,844
1794,1818
1286,1348
1475,1772
513,903
177,688
93,465
834,1897
99,216
345,1440
1315,1941
952,1889
802,898
623,630
1084,1779
619,1154
316,1153
109,1843
723,1248
1322,1836
1265,1302
809,1022
943,1251
1894,1998
1006,1307
1049,1906
104,452
441,1040
134,331
192,1733
82,1861
326,501
1224,1651
797,1089
888,1436
315,1803
179,976
827,1197
1080,1377
1033,1036
1544,1777
201,1445
382,931
560,974
1520,1770
450,1102
1888,1937
937,1449
873,1959
104,694
524,1051
1043,1616
669,880
230,281
1381,1611
268,307
195,997
1523,1960
1534,1560
1520,1662
563,1100
1029,1802
222,541
913,1627
340,533
298,307
110,485
1088,1335
207,1586
1272,1681
200,415
554,1172
1335,1737
10,254
736,883
1254,1812
278,1237
1513,1743
1444,1909
817,993
60,785
1525,1982
180,823
880,1692
648,662
1158,1407
265,372
425,775
122,966
939,1225
765,1597
109,246
365,1892
26,211
896,1299
13,952
1496,1523
355,652
252,968
422,1645
88,308
1043,1992
478,722
1605,1695
772,940
1059,1936
246,601
1419,1461
1878,1975
88,429
379,901
1445,1864
681,714
961,1751
276,894
821,953
1084,1821
1741,1862
1032,1402
1581,1644
220,1487
127,1030
23,155
250,1366
341,730
162,270
296,1253
903,1665
1288,1772
1181,1646
441,853
292,730
1308,1835
1817,1978
1022,1249
514,779
1058,1431
744,975
904,964
133,1087
332,1970
1027,1300
553,626
15,1216
278,1855
116,1793
1076,1606
54,686
202,813
641,1385
780,1729
451,507
1003,1212
1187,1558
1469,1658
1298,1776
83,690
384,1621
1074,1802
1160,1842
1314,1491
157,1807
269,816
1109,1207
1092,1563
768,914
226,631
1427,1782
162,875
337,1630
220,816
540,1989
18,1355
219,362
172,1004
1362,1545
138,639
1177,1499
280,988
421,698
185,1882
1131,1797
164,776
711,945
296,703
411,424
1166,1983
20,539
87,300
338,1868
1446,1808
787,940
762,1112
65,1184
108,588
1448,1854
641,822
11,655
252,781
1418,1682
160,1946
1455,1749
37,829
1647,1919
432,604
406,1598
1003,1588
1223,1628
1825,1962
1052,1975
42,126
1726,1919
464,529
205,534
36,725
1112,1881
1855,1925
189,674
414,1058
51,215
675,833
45,437
246,427
65,1547
1093,1760
1583,1624
344,1901
626,833
1266,1422
1646,1680
1214,1757
31,623
1237,1889
185,272
517,782
1556,1642
530,1475
1215,1349
332,736
469,970
656,833
1188,1596
295,561
709,844
1261,1586
712,849
563,726
941,1086
1400,1600
78,159
169,1738
487,623
1016,1610
123,575
1021,1725
207,983
433,508
1564,1600
1655,1718
108,159
475,855
485,1314
1581,1954
175,334
951,1787
1427,1487
1034,1492
73,1225
444,643
1362,1479
1116,1975
312,460
47,943
264,712
391,524
1402,1780
275,1746
361,995
1274,1487
1012,1221
14,887
201,750
1094,1556
1481,1965
1140,1672
555,753
1150,1865
370,936
1478,1667
991,1054
1202,1503
1026,1506
191,412
24,1238
1328,1844
803,939
89,135
1434,1745
1115,1736
999,1524
1214,1449
290,310
212,885
1256,1860
203,1590
96,710
449,828
1215,1270
351,936
585,874
1459,1630
208,887
92,941
240,839
345,892
1320,1737
704,1239
1631,1858
1106,1219
550,772
173,785
503,660
1547,1864
1399,1737
1077,1457
1092,1994
436,606
7,200
298,672
198,1717
60,1258
545,778
605,829
173,906
119,1838
1072,1234
182,1894
1700,1971
1084,1473
1023,1463
234,256
1183,1829
18,860
1111,1697
235,1797
136,1266
258,963
1445,1987
1720,1926
660,714
469,1146
285,571
1183,1721
510,955
1046,1423
34,208
149,683
1680,1709
1055,1657
1093,1949
229,383
128,745
391,1384
1516,1759
721,1259
1282,1592
297,968
746,1023
1102,1890
1155,1716
1267,1957
1394,1998
1790,1998
1583,1934
360,987
329,856
1451,1485
1244,1421
1065,1944
280,1903
416,1269
309,389
686,864
493,735
1009,1554
83,342
93,764
22,66
807,1275
894,1429
1171,1966
1353,1714
1988,1996
1367,1383
138,628
732,1101
336,872
618,1790
1074,1804
1103,1310
1017,1270
468,799
1509,1961
1099,1568
764,797
1233,1504
215,703
1292,1330
227,1760
674,988
104,643
1530,1912
428,703
803,1812
1133,1687
594,1409
412,880
1335,1794
145,1704
792,1286
1139,1330
397,464
46,944
407,886
460,1981
263,878
1101,1977
939,1161
1445,1558
1104,1228
1095,1408
830,1928
1098,1679
1389,1397
289,786
490,547
1096,1754
1063,1577
1376,1808
340,953
1443,1983
109,1242
290,499
68,386
496,833
67,427
1502,1516
1732,1978
1498,1811
487,491
993,1760
1425,1942
318,1887
199,209
429,900
229,317
1605,1994
600,1721
1662,1747
1405,1825
512,790
510,1949
231,282
186,805
1242,1309
473,569
1567,1594
25,150
33,1960
210,869
195,975
1446,1489
114,1804
470,685
170,918
1448,1535
1198,1360
305,325
482,924
683,914
1337,1438
8,1270
1037,1671
1326,1545
6,177
140,931
1430,1602
1072,1894
877,901
447,1842
679,916
579,978
1453,1771
255,854
110,1173
58,983
1204,1969
1260,1312
465,583
1065,1073
629,1445
384,631
98,237
301,862
1078,1951
1270,1892
454,1040
113,747
305,459
587,1569
1186,1376
1155,1797
270,357
1085,1967
443,514
799,1115
1277,1908
717,753
433,994
1689,1852
171,994
675,756
203,1471
388,699
1305,1862
941,1585
1505,1627
447,1050
791,823
6,782
653,889
597,994
1517,1866
71,884
1055,1283
74,135
31,1485
1077,1567
289,1780
194,954
1450,1812
1246,1753
1452,1858
1111,1336
476,825
151,1028
1575,1965
1341,1798
541,954
413,1937
33,255
1197,1524
180,948
1260,1809
54,314
169,264
587,777
37,81
508,898
1114,1876
609,657
941,1130
406,1789
891,1538
1345,1516
1410,1874
1192,1422
460,1244
663,1832
1695,1979
1047,1943
1465,1702
314,860
30,1101
281,683
809,839
547,839
1426,1710
1885,1995
1384,1713
1124,1345
436,742
494,683
213,441
1004,1428
584,613
649,971
146,387
560,899
321,388
706,724
675,1145
1153,1938
131,227
105,1029
163,970
655,678
382,748
1729,1990
590,1680
1393,1546
629,1150
57,170
76,183
499,1040
53,694
1560,1888
540,812
15,173
710,1489
295,981
1551,1839
1012,1036
649,984
129,689
1457,1652
196,221
373,1049
182,286
1044,1779
1567,1783
623,931
838,856
522,1559
720,1803
1243,1844
405,745
847,1615
1325,1617
45,173
1567,1675
447,1092
1441,1721
174,179
1793,1843
1020,1398
701,864
1188,1211
1150,1922
131,482
1390,1611
873,1321
73,248
231,834
335,891
333,818
402,423
1723,1905
61,130
1401,1625
1024,1409
406,542
1120,1871
15,657
824,826
226,877
1200,1342
1714,1792
914,985
647,870
1015,1037
31,372
1498,1679
1185,1219
393,990
754,1935
1299,1735
406,663
879,883
1058,1114
1098,1681
1306,1630
710,818
145,780
267,477
654,657
1370,1507
1218,1638
1292,1587
431,1258
1616,1684
14,152
1748,1803
547,652
399,1720
139,1086
1288,1818
941,956
638,1184
481,971
981,1523
1096,1769
1417,1824
202,738
257,445
1043,1125
406,1965
251,896
1787,1808
621,843
222,1097
809,1833
81,340
1208,1313
1152,1418
1234,1716
0,388
734,841
1283,1837
1104,1606
758,969
642,1023
482,805
74,1505
1194,1536
822,1893
1458,1811
794,1831
1551,1773
952,956
943,1136
1495,1878
423,1329
1373,1888
1040,1190
1069,1891
630,797
113,507
1245,1824
1687,1940
1484,1840
1675,1822
1565,1950
1064,1668
1573,1774
281,993
1061,1370
1259,1614
1520,1655
381,1345
1492,1556
76,480
553,1048
713,808
360,1407
1215,1958
64,362
33,231
1221,1628
16,1984
486,1933
374,1463
386,534
1172,1214
537,703
1383,1397
187,590
168,311
233,706
384,875
1404,1685
912,994
208,649
125,1109
438,1340
1315,1613
312,706
217,1866
845,940
1130,1567
500,1171
407,943
1042,1225
582,1469
167,473
580,642
84,704
292,1407
741,1233
1293,1975
413,879
210,550
289,843
1051,1395
1116,1295
76,964
167,365
217,711
511,892
84,596
1398,1624
273,1020
1348,1803
1172,1806
3,378
605,712
1257,1392
190,204
530,1292
1137,1475
1291,1390
147,507
14,1146
91,612
297,946
913,949
1496,1758
190,325
100,1600
179,661
308,546
1011,1457
13,140
137,435
16,145
370,377
246,607
848,941
1526,1822
1727,1812
1174,1865
1009,1303
4,27
1463,1473
468,656
1061,1170
225,669
1709,1879
1001,1829
383,962
1569,1761
1462,1635
240,1327
1054,1840
601,1306
1186,1996
1697,1946
642,1078
730,962
1213,1833
241,505
795,1845
58,798
512,739
869,1242
129,449
1056,1068
1099,1438
218,1689
393,495
427,1045
1483,1815
609,793
1252,1653
1186,1299
711,1972
210,229
79,978
77,114
440,462
343,795
1566,1705
296,683
857,979
881,1373
1791,1823
1342,1438
1001,1145
351,740
769,1253
5,1823
507,987
247,1851
481,1523
861,990
97,594
207,237
1719,1775
258,1222
53,1985
1102,1318
352,820
214,361
1413,1439
716,1511
106,535
152,422
23,537
124,589
12,119
99,532
1501,1673
527,713
1313,1393
26,956
263,640
111,1000
200,1752
1716,1783
105,697
339,369
109,1341
1029,1755
683,1347
203,481
1214,1737
837,996
523,836
44,1067
729,941
1055,1111
1591,1616
1450,1640
1711,1910
634,1054
670,711
245,1013
358,890
246,420
929,1645
330,828
398,1191
1170,1707
906,1109
1450,1761
1,737
156,382
1711,1802
474,957
202,498
811,1774
831,1460
454,1473
1493,1579
591,953
448,904
675,1068
1143,1173
95,493
1095,1425
4,900
1292,1710
299,673
304,788
629,1073
1678,1867
1590,1754
1287,1716
251,898
1317,1595
1045,1136
107,853
1363,1711
1239,1941
1209,1244
1343,1998
1453,1641
1236,1643
145,327
1110,1238
67,673
72,751
1901,1996
990,1358
899,1728
508,1089
1234,1718
194,1158
646,730
1544,1880
1124,1294
1067,1955
1120,1552
428,507
1493,1834
1504,1929
1122,1598
181,815
1490,1765
1342,1372
10,933
115,986
1104,1729
560,848
109,912
496,1321
320,866
1444,1770
1652,1719
129,517
1132,1949
134,1615
650,1680
115,289
212,636
1724,1945
684,1385
481,531
379,520
1203,1721
766,929
67,928
268,652
1004,1740
276,284
794,1149
1131,1966
23,1760
298,1699
1060,1268
1656,1787
111,826
897,1735
639,982
589,1390
19,1008
1443,1679
1145,1985
1198,1848
530,931
7,890
1698,1905
495,1876
1119,1969
756,1917
529,706
1238,1920
1315,1386
721,876
432,773
833,1053
1151,1399
1307,1912
648,778
1604,1610
1301,1572
1012,1469
578,948
383,709
1025,1933
416,657
178,1014
121,480
11,608
1264,1397
1384,1462
1406,1746
1425,1759
1194,1338
1125,1238
228,956
429,717
1303,1510
1093,1700
1261,1513
1118,1464
1646,1849
40,612
1516,1739
535,591
676,1533
438,658
1097,1526
1322,1873
1630,1989
102,443
1014,1528
176,429
14,101
1068,1993
920,1075
1305,1411
329,378
1194,1580
82,1669
140,856
608,961
88,666
198,797
285,685
1319,1467
212,1146
667,723
186,1093
1311,1468
1435,1763
1011,1701
77,1860
247,551
266,564
180,1315
1539,1591
62,276
485,1133
1400,1432
283,918
200,1149
181,870
406,1217
910,1016
53,1624
1314,1594
1861,1992
735,1429
559,1432
600,1204
58,921
1,121
383,977
245,747
116,633
47,762
1490,1712
10,880
200,452
1332,1769
136,696
1423,1658
1497,1607
1161,1658
230,331
1474,1889
1615,1828
875,1035
1293,1548
797,1610
924,927
1770,1887
1418,1664
2,588
134,744
657,1980
1225,1269
1354,1679
1574,1948
427,471
1246,1328
234,867
1039,1789
1190,1433
1266,1980
46,816
539,914
305,518
219,478
423,473
1078,1902
106,537
1345,1428
638,812
421,814
1740,1957
761,882
485,1509
208,706
1117,1685
532,766
1592,1978
846,1865
1290,1384
22,435
261,717
338,1166
673,890
1478,1849
1299,1618
650,1172
340,946
1595,1845
119,489
375,415
1223,1973
1034,1808
16,1007
1561,1739
203,604
684,877
383,1703
587,944
878,1416
726,1288
740,957
215,843
1498,1804
144,374
1267,1871
683,1591
273,1427
689,1113
367,1062
381,731
367,833
1788,1987
1480,1871
360,793
1435,1576
204,1714
1572,1581
274,497
1027,1229
1474,1689
583,1252
1465,1869
1271,1360
1064,1525
1350,1653
121,669
1523,1581
198,852
160,331
318,954
65,508
27,216
158,672
180,431
1565,1928
27,1155
357,1555
1055,1597
943,1127
814,1242
554,1840
1062,1721
236,447
141,624
460,606
238,1725
174,1969
1468,1887
778,915
179,852
165,688
973,1127
1604,1933
515,1215
181,1864
1442,1834
857,915
1557,1592
31,873
454,1730
707,1156
1037,1556
787,856
88,855
537,681
1380,1895
1108,1436
249,1446
1190,1246
1515,1531
541,571
85,291
88,976
196,280
225,981
560,971
1164,1903
343,973
282,697
1153,1192
1531,1781
1159,1909
223,238
1756,1899
775,980
407,584
558,982
95,992
1643,1729
1269,1488
1293,1845
381,531
206,715
338,871
1014,1154
250,758
62,707
98,364
406,480
1519,1784
617,700
975,1162
1408,1687
274,297
470,1175
399,706
1672,1733
135,367
431,1183
1305,1976
1082,1675
166,885
21,238
1067,1515
1172,1568
564,931
930,988
467,998
1055,1168
1781,1797
636,955
1274,1737
603,1532
1623,1625
157,957
1829,1959
45,487
1714,1743
592,885
1171,1464
1042,1579
448,840
902,1047
401,765
1473,1802
1131,1284
713,1296
1115,1276
518,1057
1134,1289
48,88
793,996
484,655
374,783
575,773
79,606
693,765
607,725
512,1656
1373,1692
234,1419
39,389
951,1474
1589,1990
448,853
355,662
38,955
766,1428
1413,1764
1674,1805
874,961
134,1188
1183,1945
130,1712
725,838
1356,1644
554,956
81,278
161,1964
183,1723
5,404
120,1145
837,1429
183,676
324,386
1213,1945
1194,1703
1364,1885
37,329
825,1082
152,279
811,918
286,1033
64,166
38,968
341,740
79,740
378,1790
235,1216
780,787
812,1493
394,751
426,1952
1233,1257
138,502
1223,1478
1281,1419
1384,1840
398,577
1258,1435
1167,1842
375,859
1464,1540
263,389
122,413
1326,1835
132,1626
863,1845
627,1834
1826,1892
164,1578
275,628
94,287
333,569
24,228
488,857
870,922
1021,1091
350,923
861,873
1041,1972
50,402
1191,1273
294,991
1006,1493
283,344
1286,1776
1038,1674
1267,1268
64,1468
1763,1849
1403,1543
589,1326
418,919
129,816
420,470
326,808
78,706
713,988
9,872
606,862
612,1808
978,1636
752,1330
1698,1962
1491,1898
1254,1985
423,596
137,239
1274,1900
1100,1518
1306,1852
1218,1739
1145,1934
23,1830
1542,1570
1357,1790
1387,1669
1282,1387
836,1529
175,1820
223,548
402,550
698,1043
1319,1390
505,648
1596,1927
460,1171
837,892
630,1582
12,486
564,999
1355,1986
338,1181
659,1236
781,933
593,882
1063,1585
1470,1680
1084,1873
1254,1530
1317,1586
596,1826
1454,1820
203,1077
499,1893
1006,1172
445,610
40,561
1441,1514
841,960
372,1421
1755,1825
29,35
232,852
1620,1637
1458,1804
746,844
44,1326
143,285
44,279
1645,1815
389,728
361,629
77,870
1215,1938
527,1335
74,572
1247,1890
46,739
1333,1664
1627,1882
1520,1756
474,1674
670,1091
1418,1479
535,903
1317,1841
91,108
1190,1248
393,675
1532,1887
83,634
307,1510
407,465
489,504
852,1081
804,1333
1151,1377
356,648
199,930
54,283
386,756
4,462
1025,1911
1517,1619
374,409
196,1800
208,871
1285,1498
1316,1602
103,589
1216,1627
1689,1847
300,1628
1339,1734
578,818
1084,1215
1272,1909
1055,1157
38,581
697,1449
85,427
198,304
879,931
48,774
939,982
344,1590
122,723
956,1151
1403,1611
240,715
1325,1691
484,523
5,259
1376,1629
350,1233
40,253
1046,1165
1009,1283
1093,1920
360,608
1132,1619
640,891
1156,1976
573,1884
1390,1914
1725,1904
137,307
792,1699
1100,1586
5,1319
440,1247
471,597
1271,1404
481,1019
1244,1981
26,1378
804,891
1070,1764
1405,1525
209,718
559,1999
1291,1625
1162,1474
1084,1820
227,442
1218,1820
297,952
1873,1980
1685,1929
324,1543
1028,1659
695,732
49,557
118,162
1590,1813
1629,1741
962,1426
588,727
1115,1641
254,329
176,904
1551,1713
1289,1713
1039,1767
567,1728
1866,1990
537,1785
1321,1601
514,1838
366,920
111,630
183,1967
713,735
28,632
81,1690
1328,1762
1550,1609
228,397
519,869
1,1172
231,1863
1566,1590
1263,1781
1073,1657
1169,1890
1083,1850
206,759
171,1741
1451,1953
613,625
7,815
1091,1152
1029,1506
1335,1778
793,1495
84,281
1543,1727
1414,1842
597,1031
241,1921
160,764
1536,1953
178,818
307,1457
274,1280
208,926
627,1849
1138,1799
606,972
188,230
432,590
129,818
805,1855
1281,1555
333,584
453,878
731,859
511,590
1265,1732
229,877
53,126
237,472
207,1761
1561,1959
1175,1923
1085,1212
92,993
1403,1787
345,944
1148,1268
515,601
1196,1982
1003,1587
218,314
307,1820
284,1873
707,1939
619,1826
870,1179
770,1995
1181,1566
119,493
75,423
622,821
1019,1918
1201,1400
19,262
1206,1515
1586,1736
1739,1749
1651,1865
204,429
1952,1978
14,268
67,316
701,1585
751,948
282,1143
398,500
164,333
1535,1932
169,448
81,335
1316,1336
1593,1873
1395,1400
789,1590
1098,1113
62,1490
575,843
1173,1701
500,669
1505,1945
178,618
1687,1693
405,1600
1167,1657
1249,1467
1648,1930
415,975
239,749
1861,1930
1226,1419
1236,1878
47,1976
537,1611
3,1152
357,1909
1342,1486
385,695
1525,1607
609,854
273,639
1219,1537
534,680
773,962
1146,1961
13,685
140,231
1327,1484
1175,1615
600,1384
1955,1992
465,930
157,585
1664,1779
1548,1833
863,976
169,1053
508,519
1191,1680
124,758
1194,1197
1041,1921
965,1145
287,1984
60,773
182,470
101,1299
30,830
701,806
1740,1895
1767,1769
1024,1459
1624,1949
1016,1046
1348,1556
9,929
126,1477
331,714
224,588
1980,1998
1295,1895
510,1625
725,1284
731,1035
34,878
271,296
1601,1857
1148,1323
358,938
57,1764
1471,1976
454,1400
874,1757
1526,1683
34,60
612,1757
8,596
402,715
1429,1750
1410,1508
313,643
237,1816
92,940
166,889
1618,1622
61,1361
284,1110
81,256
270,946
67,129
26,91
297,820
1616,1734
1333,1345
531,1926
579,654
629,1000
422,707
821,941
64,733
81,377
1746,1965
1438,1812
579,1822
142,1821
1169,1624
484,767
116,371
1064,1113
1669,1681
1182,1334
185,1373
1203,1393
1755,1869
688,947
1032,1511
586,670
491,1830
663,890
1196,1353
547,944
566,957
273,1378
1093,1117
1563,1820
890,1054
348,734
697,888
155,605
347,775
1537,1804
1155,1473
131,1150
265,1904
1729,1745
1421,1592
454,608
515,1032
788,898
576,719
1901,1936
1210,1530
589,954
255,1832
1266,1839
247,665
1861,1985
455,1368
384,670
680,1486
1349,1581
1400,1775
106,396
1215,1766
609,1956
203,1268
66,216
1212,1431
40,981
852,896
379,447
26,817
1381,1654
502,517
221,504
830,1551
384,912
90,465
117,568
1868,1893
405,971
97,589
1330,1958
224,401
146,976
657,926
772,1667
78,1744
264,1934
544,756
1318,1611
1059,1616
207,353
231,710
420,1400
552,1519
247,920
1116,1332
1379,1971
541,872
717,805
40,297
611,1052
1397,1732
1410,1671
1515,1724
684,1567
131,600
645,821
1175,1804
1367,1974
484,1398
1255,1275
58,243
438,464
228,654
1468,1504
673,775
521,1401
221,880
510,754
1131,1330
1392,1630
1290,1848
1760,1797
1526,1630
421,941
1014,1684
742,996
1409,1984
1178,1563
268,847
82,428
1310,1453
97,965
1043,1109
346,1935
86,547
1185,1687
550,947
673,1246
1261,1682
74,429
392,1004
1164,1749
142,829
142,600
1048,1574
284,1178
1441,1505
25,1183
209,775
498,612
1463,1523
1702,1805
1053,1396
165,668
794,876
211,555
1007,1694
1304,1880
1565,1921
1271,1474
233,1482
30,335
1778,1921
246,899
1321,1416
1395,1402
1169,1813
326,370
995,1431
1344,1585
41,386
1789,1935
473,797
1442,1827
1110,1125
7,509
1139,1826
163,1022
1436,1524
1054,1193
264,808
1551,1770
1137,1901
285,867
1033,1255
85,284
1222,1945
651,961
384,617
79,1967
523,1678
1152,1886
1974,1994
1234,1955
1363,1840
1278,1998
1066,1324
90,749
799,980
205,1490
269,751
1478,1763
550,1673
414,846
625,800
1564,1722
215,636
1434,1612
398,757
33,107
1478,1884
1543,1784
1147,1784
218,1055
1326,1786
1036,1953
150,1860
17,284
1237,1448
146,923
796,1971
1399,1712
1110,1609
497,857
438,1445
1214,1437
1422,1615
295,1167
1499,1835
55,660
390,1404
469,1697
1207,1663
563,1332
508,642
1253,1550
1170,1515
232,1232
22,1422
446,932
24,1697
1512,1895
1718,1734
517,583
1274,1959
1240,1328
674,1405
39,140
1295,1789
1331,1446
341,478
1197,1631
1422,1978
240,840
202,548
1876,1919
24,1710
995,1352
1891,1904
1010,1108
790,839
5,1552
237,892
550,1123
154,894
751,884
190,322
1836,1860
1412,1798
1181,1636
1750,1793
1406,1983
1507,1806
825,1183
341,841
1210,1290
52,738
126,687
102,330
129,204
404,897
565,1488
702,1234
193,862
120,320
1087,1304
273,562
1331,1701
1713,1766
264,513
114,1737
211,852
808,842
519,739
467,549
1095,1838
1709,1997
477,742
253,1788
523,565
791,1548
524,1204
1143,1478
1167,1835
1010,1363
81,634
430,1542
787,796
1311,1705
1905,1949
1770,1990
357,919
90,575
1124,1357
1184,1371
664,847
221,277
639,790
1265,1710
74,981
1654,1936
347,1032
1524,1597
1269,1307
708,745
166,462
465,987
712,1618
440,930
476,624
63,980
149,229
302,471
1327,1433
1626,1958
1115,1779
1012,1277
471,630
1080,1906
132,935
233,758
1188,1210
181,302
1280,1442
1610,1842
335,1937
1577,1665
1030,1038
390,412
1260,1729
307,414
1012,1398
196,812
449,992
1080,1798
44,943
589,743
98,425
1054,1745
450,584
1148,1380
1408,1748
1466,1955
1507,1727
886,1114
1612,1780
166,1993
195,479
38,761
280,294
999,1701
381,834
1002,1218
802,864
826,992
1030,1401
510,877
462,1883
1692,1749
721,1060
256,960
1496,1810
396,482
814,995
764,1403
332,726
1011,1509
235,1022
758,834
226,1239
658,1650
1038,1117
307,898
928,1245
699,1422
1852,1859
285,1553
42,600
1093,1992
926,1586
1313,1995
1118,1756
1591,1976
1029,1418
1368,1638
1185,1931
120,146
1350,1998
1532,1746
611,612
1597,1646
1605,1995
51,689
87,1137
71,146
24,34
755,778
118,1618
1331,1877
1127,1818
306,1854
1529,1569
1011,1643
918,1415
1296,1775
1282,1877
26,753
518,663
1160,1887
1002,1944
852,953
1151,1249
1538,1658
867,1490
96,337
275,568
1131,1721
155,917
826,1839
587,1328
270,1392
231,875
1416,1826
1825,1994
99,692
1410,1486
228,348
1101,1670
1044,1136
139,764
1450,1558
400,805
326,627
1411,1603
1237,1679
1093,1671
123,941
1249,1955
571,808
1026,1388
685,1095
105,520
1600,1889
1452,1725
1614,1787
8,816
932,935
1171,1217
1174,1488
198,418
1101,1912
92,931
1769,1782
1433,1604
779,814
397,520
1341,1786
135,254
29,996
1156,1969
1068,1627
1711,1962
251,816
794,1738
388,821
190,311
547,814
57,721
1275,1287
626,878
554,709
1147,1223
1424,1797
1188,1749
677,816
88,421
198,781
179,539
1555,1691
1094,1104
562,1472
1030,1348
30,150
147,735
1479,1817
1174,1743
257,1546
1210,1400
1127,1631
912,1706
1141,1300
1145,1190
683,836
70,609
1298,1634
305,1415
28,612
363,602
346,958
1789,1871
285,682
1269,1872
1219,1462
431,1904
1040,1231
444,1614
1743,1876
588,841
220,445
338,666
35,628
248,1675
1386,1989
416,1259
999,1085
1045,1430
105,320
253,972
1655,1884
1299,1468
236,510
1254,1954
1037,1956
1035,1129
1460,1830
336,862
14,582
638,675
55,354
1174,1180
66,220
1566,1704
585,785
590,863
1147,1720
1321,1607
455,675
1214,1252
1655,1897
139,1866
1006,1488
782,1972
271,1039
11,405
1566,1825
1074,1097
1220,1417
1497,1954
1846,1879
1211,1368
94,1342
1587,1884
1218,1492
1034,1671
206,994
756,909
104,754
112,578
1585,1959
599,696
157,994
1738,1908
1820,1947
1635,1901
506,589
268,946
94,1584
845,1223
1314,1967
1515,1957
849,1113
178,945
580,696
1113,1159
1030,1161
235,661
584,1340
274,360
313,1520
1163,1690
531,696
80,723
589,866
448,890
4,1933
9,62
272,930
525,1110
1413,1801
1099,1116
149,1762
156,489
130,473
383,653
125,129
1350,1637
1523,1565
464,992
773,1747
109,535
133,892
70,543
1584,1696
1551,1748
1864,1979
718,764
327,613
1495,1624
225,602
39,1378
1792,1847
164,326
1134,1581
1001,1991
526,715
223,906
168,970
1441,1509
6,154
1182,1514
903,1833
639,1760
1124,1280
1511,1689
57,92
148,1671
1521,1882
208,261
240,442
259,492
1188,1938
269,1668
1060,1938
79,790
1,1099
290,973
400,1599
1291,1807
1432,1517
1678,1987
1214,1294
1119,1471
95,1673
1435,1936
1146,1833
1443,1531
13,557
335,342
1049,1900
1379,1775
838,899
636,684
1400,1605
1479,1898
45,216
10,1161
239,755
1369,1474
132,629
385,809
109,911
1437,1874
1566,1759
315,979
1115,1594
1464,1711
903,1149
762,1964
1216,1380
1,294
171,971
474,743
686,922
152,463
88,973
105,388
237,278
161,1451
1828,1880
706,1022
448,461
1179,1205
79,106
294,1980
590,1978
1603,1883
1130,1205
204,222
1314,1780
412,925
1506,1950
463,1156
659,802
516,982
504,1682
906,908
1040,1662
348,351
86,351
781,1438
1039,1962
275,812
710,969
46,989
1448,1901
140,587
802,1726
47,130
198,528
848,1842
659,923
1362,1834
648,993
930,1911
307,700
966,1568
702,741
205,460
781,1559
1512,1778
75,350
770,875
560,1331
196,1808
165,243
1114,1853
567,1226
463,580
675,759
1189,1209
1240,1440
1290,1557
1157,1671
1575,1955
302,662
140,600
120,887
220,1468
1185,1625
1424,1907
335,1189
887,1931
765,773
1630,1746
1523,1620
281,431
79,711
1927,1969
315,429
982,1912
306,609
1018,1340
383,829
226,357
391,424
846,1233
1646,1848
1778,1967
1461,1802
862,948
177,616
151,1381
1169,1630
792,889
45,1894
828,1071
542,714
156,907
290,907
876,1233
348,619
916,1305
152,155
589,947
943,1179
764,1702
1151,1882
1674,1923
767,953
1264,1759
713,1885
1484,1762
1181,1990
1525,1534
872,1649
1634,1706
1276,1998
154,1140
1248,1936
418,661
1342,1534
762,959
800,1251
813,1190
1143,1590
384,784
852,889
1351,1768
425,556
213,673
667,843
639,1010
68,1975
1224,1700
1215,1880
105,322
396,794
1361,1934
363,617
387,974
1044,1998
1209,1311
1131,1886
403,918
370,741
666,1557
1274,1642
1320,1529
391,800
1050,1668
1034,1660
122,1807
113,792
280,969
868,1139
1341,1588
386,1624
1478,1822
893,903
1442,1899
1183,1379
1923,1943
608,1673
663,1380
279,451
1201,1958
1169,1188
1131,1899
126,357
273,821
64,647
358,865
248,993
143,711
1290,1599
1207,1601
541,986
56,1991
641,695
1487,1884
1023,1026
492,572
249,585
1862,1946
279,693
312,641
58,465
1273,1322
841,1399
214,712
1690,1839
1267,1736
379,1045
1418,1905
907,935
441,876
647,981
547,1797
794,1674
1603,1843
756,1153
1174,1666
1377,1500
1294,1502
1118,1505
653,1405
1167,1626
656,693
253,1471
443,814
887,1757
959,1633
1495,1613
24,601
543,1166
1099,1118
524,658
744,890
1236,1389
568,701
1579,1957
1056,1687
1400,1460
582,1767
262,365
635,876
360,671
211,548
161,956
153,314
583,1359
383,1005
39,212
1551,1750
465,549
580,1061
36,143
676,769
1063,1932
404,835
868,939
86,674
1433,1916
540,844
801,885
1224,1742
199,322
283,959
111,209
28,669
1028,1601
1229,1591
704,723
1328,1341
1093,1178
394,911
488,546
1060,1940
275,667
856,1881
132,389
1226,1414
1374,1578
1673,1874
1401,1415
919,1937
1717,1917
1643,1702
397,1074
1087,1255
1508,1514
1601,1705
42,846
1323,1468
1089,1301
1397,1417
1135,1417
1217,1715
461,914
383,1260
226,788
135,929
418,729
476,670
925,1728
68,875
1132,1240
36,1566
205,328
1141,1962
485,611
1144,1479
798,842
817,855
1102,1482
703,1736
1515,1651
481,640
1156,1718
163,1499
502,699
1541,1825
1119,1836
1370,1418
1339,1839
1540,1600
184,1558
432,640
1756,1898
1300,1618
401,509
750,922
271,399
1489,1490
1017,1680
69,709
163,344
536,818
415,528
642,1739
1580,1793
733,874
172,1066
34,873
125,991
23,943
372,868
1542,1622
1239,1621
14,76
1404,1917
1665,1729
739,746
510,694
1153,1554
418,1105
1920,1955
1517,1979
457,538
128,1760
1630,1856
1330,1335
301,1459
559,1983
1096,1693
1216,1987
1500,1517
1374,1378
216,826
1214,1914
1283,1748
1343,1799
1291,1380
257,369
1425,1868
31,551
1386,1388
1176,1807
228,836
1671,1786
1470,1732
188,656
676,1871
91,723
1051,1519
614,764
944,1393
70,371
1355,1930
350,654
1556,1920
1699,1740
200,895
1146,1756
640,1130
43,911
693,993
1641,1735
1673,1687
1038,1176
1750,1907
984,1879
1152,1463
732,840
1338,1589
305,480
1249,1746
1717,1851
1096,1238
62,1432
60,568
242,316
274,793
514,1943
31,1974
1688,1944
879,1546
146,729
201,665
386,1384
274,914
1156,1302
121,1315
551,670
1664,1708
745,913
442,1895
1144,1184
321,851
1388,1544
1341,1698
706,958
783,912
1937,1988
419,635
840,894
1034,1662
1448,1945
627,786
117,684
303,1857
110,1691
364,1049
1081,1370
74,987
194,1806
1319,1952
140,523
305,856
907,924
351,743
554,1331
395,749
911,1834
1054,1388
648,700
240,646
1062,1212
1103,1775
330,805
3,410
397,566
1071,1971
99,643
536,644
1616,1771
407,759
181,187
1063,1558
1348,1956
1288,1676
1133,1802
138,985
219,1876
94,649
679,1339
890,1788
885,1444
1187,1220
1665,1784
1324,1491
1167,1507
9,992
2,13
705,924
724,937
436,1702
520,878
1074,1464
102,136
327,483
244,714
1605,1854
653,1178
1227,1679
932,1236
1018,1276
1718,1916
1570,1789
1693,1859
1940,1965
956,1337
1131,1338
1604,1787
642,881
399,894
1130,1867
108,947
1125,1523
1565,1795
737,889
23,85
1055,1464
693,819
426,475
238,653
1181,1805
740,1308
1345,1913
1331,1749
333,1186
107,843
570,604
124,258
542,771
382,553
1385,1985
46,604
1159,1642
794,992
340,1310
18,1259
436,1018
625,1708
1437,1623
382,1721
1502,1752
554,781
806,1231
1386,1577
1391,1921
195,848
1103,1225
1397,1406
371,1010
1742,1855
1067,1945
268,508
1551,1765
1859,1881
1504,1919
124,500
1652,1817
1585,1763
240,567
971,1311
1289,1886
196,497
1454,1953
41,623
60,636
112,274
67,797
170,215
1139,1245
74,921
19,985
1452,1476
170,1383
1567,1951
192,913
1682,1938
684,1604
758,1324
54,1208
1143,1889
324,803
93,116
80,1345
205,559
1144,1481
1369,1828
817,857
1204,1266
316,575
1102,1255
374,516
1635,1718
1184,1553
1629,1940
56,880
1661,1892
64,704
1287,1385
311,581
1355,1785
1024,1685
568,1442
370,932
1192,1269
717,747
285,299
305,1971
112,1805
1392,1559
306,358
459,1391
1126,1854
515,1929
140,591
1261,1490
24,645
1619,1723
471,1859
629,984
469,766
601,922
451,1163
1433,1718
1373,1438
1089,1908
347,517
1023,1554
1257,1492
811,880
804,1924
1184,1916
1041,1342
120,999
524,594
465,1182
279,763
454,1518
1653,1842
232,422
490,946
1298,1385
1523,1732
254,1349
1164,1570
432,1126
122,146
572,877
1718,1863
1247,1689
56,1485
1489,1747
95,659
16,137
1246,1989
760,820
1116,1650
1195,1943
1919,1974
1294,1922
883,890
122,1435
1080,1404
1054,1940
155,831
1713,1990
1097,1758
1086,1111
162,726
124,205
514,656
586,1956
257,734
530,600
203,205
1101,1355
1252,1753
3,854
699,786
1289,1820
1012,1017
864,890
1163,1415
731,1758
1536,1697
1140,1697
187,382
796,1658
231,1620
164,398
57,272
1423,1527
103,388
867,1309
1334,1418
1149,1638
337,1494
1328,1640
555,899
249,1381
185,1854
156,924
555,670
1235,1597
202,222
1344,1769
1853,1875
215,686
1512,1582
382,863
504,560
597,788
359,1899
808,971
474,1849
118,753
847,899
692,1025
721,1726
577,809
678,861
89,1220
534,853
756,1720
768,791
1461,1472
201,680
27,756
328,1916
383,391
708,1908
104,747
65,230
576,971
1236,1246
1312,1793
639,1027
816,1855
179,1271
156,1287
1023,1138
1360,1955
30,653
1010,1842
1621,1730
1013,1847
1216,1681
15,530
689,969
689,740
116,289
1121,1565
580,689
707,1925
655,1506
144,1290
125,1048
183,464
428,1988
832,1812
116,410
715,998
1607,1845
566,875
108,1754
85,1999
1695,1894
840,1151
1075,1920
347,464
213,235
1290,1616
1243,1504
169,1589
88,469
1201,1507
216,883
1085,1332
1090,1447
1788,1977
559,993
177,662
672,870
1386,1445
1666,1728
384,1406
70,1704
288,880
1678,1967
1838,1956
193,791
820,889
319,1132
491,1653
1061,1217
276,947
1824,1913
141,722
320,953
1029,1184
1308,1996
855,1233
5,568
1178,1923
238,776
1109,1823
1370,1864
530,655
361,846
1474,1921
232,732
1386,1808
479,838
71,1538
1496,1939
1088,1885
372,483
704,956
310,1554
456,625
1118,1993
51,805
1264,1818
343,950
140,1264
1036,1816
143,515
456,975
1858,1924
1603,1634
1421,1657
588,902
491,969
852,948
1662,1985
1414,1883
488,671
273,746
1059,1426
264,926
133,214
1191,1545
1186,1238
64,343
1650,1867
1159,1778
1217,1719
365,456
1109,1139
1408,1435
262,974
1733,1757
193,349
487,1321
472,969
527,868
632,921
169,931
549,1152
93,118
1189,1778
1175,1843
667,1144
1109,1260
226,913
653,980
854,970
564,908
1575,1935
149,171
1721,1989
0,48
698,844
958,1212
364,998
1329,1384
919,1486
143,770
416,865
163,456
710,854
1751,1787
1804,1879
278,406
88,282
138,1860
1726,1959
111,1168
462,1920
1007,1491
500,1165
696,811
381,1702
482,1754
193,1651
1753,1954
1241,1513
50,821
1705,1913
335,953
976,1215
582,1813
112,881
623,1585
628,1700
1389,1798
329,586
839,1102
813,1867
1102,1741
154,999
264,376
1136,1325
1220,1962
1178,1736
502,1187
321,358
485,1220
246,709
1667,1863
364,435
150,1415
739,763
1162,1583
881,1341
769,871
732,952
110,151
939,1696
1039,1405
767,946
827,997
500,602
271,779
986,990
1824,1860
650,775
1634,1699
759,947
243,387
561,962
1650,1680
449,492
1242,1360
1314,1465
231,1730
725,841
1321,1589
285,1966
916,1540
1606,1758
1330,1594
1539,1933
522,603
474,1609
375,849
153,736
1123,1237
70,967
378,854
414,548
842,958
1158,1194
184,1254
767,1309
1318,1597
1497,1828
453,1792
1260,1363
1513,1543
105,557
479,798
786,1443
250,911
585,901
203,341
244,342
1325,1613
1411,1653
590,1918
1190,1654
1187,1908
335,874
1020,1502
1419,1477
89,175
851,1959
1566,1941
1239,1546
253,283
1337,1852
548,874
118,1815
1117,1785
272,1730
1015,1020
27,879
605,627
1737,1944
1520,1946
1346,1793
547,622
1390,1836
450,689
1114,1901
68,358
1260,1726
334,514
17,578
1593,1606
265,414
944,1197
44,940
306,1583
1142,1855
524,530
1086,1731
1447,1673
1015,1033
700,1924
1482,1896
1382,1729
98,772
948,979
1407,1493
1830,1855
367,933
157,1123
1695,1896
349,1293
1327,1914
334,1924
398,1185
475,1405
31,1657
878,1758
301,471
1003,1938
582,1881
1113,1517
1094,1275
1140,1391
1048,1802
7,374
366,950
196,246
1034,1345
201,361
1113,1409
378,1943
1066,1068
135,1727
1557,1800
535,880
898,932
1782,1918
109,1940
720,1828
460,477
640,1310
829,1771
385,791
555,714
1305,1700
1318,1410
1557,1692
405,891
1275,1942
1089,1294
1099,1487
106,1268
1107,1348
1076,1998
329,1017
265,1261
62,444
650,843
391,619
1000,1895
1158,1249
239,979
953,1554
1060,1128
862,1143
1161,1705
829,966
502,571
529,674
532,679
1540,1701
1411,1587
349,743
1295,1641
458,915
1005,1313
394,1159
1170,1380
631,843
719,1444
932,1737
782,975
738,905
1650,1990
17,391
449,802
1438,1545
418,735
144,166
1364,1596
80,181
324,807
1514,1540
339,1573
1464,1719
1725,1760
1436,1657
1656,1660
429,1503
759,1149
1425,1727
86,346
7,53
1237,1676
836,1103
615,1629
580,854
942,977
1408,1679
1609,1669
248,1283
881,967
599,1806
798,1198
31,302
297,687
906,1963
168,536
1143,1906
323,824
457,1807
1150,1276
1003,1751
1477,1607
1052,1909
1270,1314
986,1555
1132,1609
339,1707
1039,1381
24,649
266,411
144,1468
51,257
1811,1897
78,1114
1628,1961
91,824
1287,1402
1013,1099
1190,1735
705,754
1133,1164
868,1684
185,193
276,1809
1537,1550
83,182
602,747
1245,1378
832,943
362,765
1428,1728
532,947
84,1989
1672,1859
1364,1743
362,1933
437,535
261,309
204,1761
250,416
697,876
1387,1848
1543,1570
197,1721
1523,1628
93,617
8,21
1226,1341
271,660
1384,1698
1203,1623
68,560
1217,1292
35,383
356,438
1046,1410
545,1128
1097,1870
278,784
68,1728
18,150
759,828
262,547
1352,1867
1107,1282
16,491
1015,1464
1436,1457
943,1295
358,376
160,620
1476,1529
1379,1596
35,625
117,435
1115,1523
1268,1994
10,43
1450,1476
1202,1411
641,1603
1477,1875
377,739
1430,1534
700,1429
1056,1064
918,1588
1333,1601
1102,1180
1484,1999
214,223
1937,1981
92,728
42,907
78,564
102,921
1218,1476
210,454
430,723
1710,1938
330,556
1135,1478
192,851
1101,1830
1321,1833
1274,1758
1233,1491
434,1781
54,99
1105,1720
31,115
46,918
1575,1642
1160,1363
332,457
1689,1892
328,752
1002,1191
1181,1193
1807,1884
714,1956
210,696
193,298
1631,1887
1237,1731
1600,1820
1598,1710
1051,1312
1037,1148
1053,1129
1492,1728
409,798
1763,1962
1637,1823
166,811
157,991
281,1286
532,868
800,1851
1383,1677
1704,1769
121,516
181,301
948,968
327,355
1230,1849
1192,1328
128,411
749,987
67,172
545,699
1184,1854
167,524
1129,1918
1261,1320
72,1418
1505,1909
1398,1554
505,519
68,481
964,1033
133,876
1148,1379
745,1403
259,463
369,594
593,753
1030,1508
1291,1549
680,1166
29,122
803,1465
1042,1747
278,597
37,242
111,191
618,1685
1523,1562
676,872
487,707
1402,1501
1330,1396
414,1397
801,1806
371,761
145,189
114,610
64,1018
494,831
163,997
633,946
1340,1562
586,834
1207,1972
1463,1632
1583,1963
1154,1291
357,718
393,412
1124,1385
466,890
1142,1173
1130,1873
1574,1621
913,1350
1633,1676
1776,1984
409,1295
579,952
40,903
516,603
8,1365
256,1201
488,541
78,377
1426,1992
992,1471
333,374
1557,1923
1077,1286
542,1945
31,975
565,616
85,393
1399,1458
858,1548
1634,1769
105,493
170,1376
1550,1775
247,613
1121,1369
1365,1995
1131,1828
236,683
1381,1939
1728,1754
97,753
565,858
1323,1705
800,1664
489,496
1267,1315
1712,1931
361,1213
1637,1757
1095,1208
128,224
317,914
962,1847
51,1172
1215,1246
511,864
1156,1834
1526,1781
1158,1385
53,171
1677,1950
121,571
126,420
1285,1840
640,641
1090,1372
815,1167
696,1970
207,759
1408,1681
1279,1796
26,189
1163,1850
1443,1904
472,1444
640,762
1156,1847
785,857
408,641
143,1124
809,1739
416,990
1111,1552
508,993
1155,1329
1602,1789
1547,1853
54,530
790,827
72,318
467,1342
1803,1900
1586,1902
299,482
1015,1332
110,1189
34,413
1469,1502
1037,1579
1210,1507
317,472
140,839
697,1925
1514,1918
454,706
203,1124
1421,1461
1158,1761
302,1022
467,1355
231,553
1105,1346
1284,1348
711,1715
218,1782
99,370
1360,1572
1599,1854
1208,1703
500,1882
240,265
410,676
1664,1690
440,784
1001,1117
481,556
1310,1872
1079,1939
1208,1595
653,784
1114,1179
181,974
1229,1654
253,1079
299,966
1140,1582
899,961
1222,1880
1096,1475
1263,1652
15,389
1840,1929
23,509
224,499
191,322
623,1965
294,743
453,736
632,738
1543,1827
121,1431
1353,1703
553,859
1397,1480
108,445
739,1480
675,1724
257,982
1043,1891
1129,1894
1010,1714
733,911
1679,1809
22,1573
624,1678
268,582
634,905
826,846
509,910
163,273
524,1676
240,1688
30,875
1091,1494
1712,1878
320,1388
203,574
70,1213
92,972
105,682
583,980
187,751
443,677
1971,1994
1248,1599
1327,1892
219,932
580,911
1000,1268
26,1291
103,757
366,1396
87,749
183,228
1098,1547
105,574
915,1840
1672,1782
237,464
868,1499
1690,1836
1468,1723
642,1681
1225,1736
332,701
93,190
1591,1830
758,809
353,760
960,1209
1224,1255
355,577
275,288
1063,1795
1011,1376
264,1590
417,637
1181,1558
1301,1852
451,1453
16,64
1273,1790
1526,1970
215,1176
649,650
124,1997
585,1160
991,1811
510,986
1599,1667
224,1117
895,1056
361,597
43,961
1780,1863
790,1124
1012,1762
213,591
452,836
1928,1963
1350,1986
1465,1973
120,134
80,964
88,596
385,553
664,877
1349,1505
1073,1341
259,599
121,894
1652,1920
1578,1742
396,833
1724,1796
310,1318
676,1116
165,900
1223,1514
676,887
287,1829
1250,1876
173,266
1065,1867
1477,1811
349,613
206,564
1203,1693
243,1614
351,659
1574,1865
595,790
622,1647
1040,1406
586,970
331,680
69,451
435,508
1456,1994
1110,1357
315,857
160,1966
208,731
1008,1309
1128,1640
1689,1707
1372,1771
1325,1659
363,790
1378,1522
1347,1943
354,970
173,629
43,290
1425,1718
511,1563
416,737
1410,1595
796,1961
154,508
774,1384
400,914
388,1614
1628,1939
386,750
399,689
1625,1641
94,578
1188,1374
1253,1769
1215,1248
1707,1710
1041,1095
475,1209
596,681
1315,1600
199,227
1042,1441
1055,1380
711,1570
186,702
719,1690
51,248
1403,1834
1387,1826
184,1797
1611,1719
1215,1490
561,700
824,1339
1646,1713
92,1161
1126,1152
703,820
1100,1688
642,810
609,633
1163,1973
591,993
971,985
267,640
1753,1960
785,980
109,468
656,1095
1750,1891
1714,1968
128,1649
1210,1388
336,366
1380,1799
108,1936
1095,1815
21,705
166,305
124,308
1430,1512
1058,1640
1715,1910
1006,1221
1692,1926
675,1121
1368,1573
180,361
1053,1683
566,1299
561,955
132,549
1259,1522
1687,1969
271,893
133,1188
1189,1463
28,842
64,270
323,1433
6,1497
25,315
1143,1697
250,662
499,1366
1087,1536
1436,1461
634,773
1752,1926
191,203
94,270
1048,1995
1244,1641
497,660
669,1144
1510,1531
1554,1574
353,386
726,897
149,327
541,851
1893,1942
1349,1815
1395,1931
71,1612
1614,1709
826,956
0,914
1158,1200
182,625
127,689
490,512
1000,1257
62,974
33,44
1390,1937
1624,1875
1352,1416
101,407
1200,1318
112,1505
621,1611
265,286
1094,1831
333,686
7,1159
131,700
924,1275
622,910
355,566
382,403
1239,1552
179,340
733,1155
640,698
1021,1329
3,528
471,633
608,867
881,1965
1486,1779
1123,1727
452,1522
1,832
648,1168
1054,1627
257,529
1838,1938
1336,1727
1093,1969
533,585
1030,1391
101,662
455,931
596,641
50,1111
1598,1848
913,991
302,837
355,700
162,534
334,1809
640,1061
989,1740
383,1930
584,1920
647,1222
616,1872
1268,1569
734,1864
476,1111
481,1418
1059,1166
835,1687
1136,1386
1660,1800
1521,1870
8,1127
655,709
144,493
223,786
715,1477
1303,1913
1402,1626
762,771
925,1701
132,375
1613,1809
670,953
1332,1567
368,1820
394,789
1722,1752
493,997
405,884
665,1777
685,938
102,617
241,1944
1831,1924
1055,1703
549,1831
762,892
53,1664
1374,1685
1539,1752
1129,1588
318,363
968,1936
825,1362
1559,1586
303,499
1550,1766
1190,1231
116,1841
1800,1914
1318,1645
1208,1773
12,148
1256,1706
1034,1593
970,1312
127,623
1226,1763
49,969
1291,1929
1487,1575
1179,1422
802,1472
1318,1766
301,1190
1249,1932
254,620
1835,1992
1048,1124
611,857
46,1085
1589,1707
1112,1782
398,978
508,621
558,967
272,381
310,636
120,741
37,972
880,1432
413,734
98,1625
1471,1607
108,623
93,234
170,454
717,852
870,1094
529,801
1494,1712
181,1515
1848,1944
377,932
1512,1995
1187,1969
1083,1094
954,1209
374,634
728,866
46,280
1357,1828
123,234
854,978
293,645
1356,1374
781,1897
347,393
1818,1893
1377,1433
742,922
454,455
59,865
620,932
14,1351
1010,1087
1425,1854
1246,1623
1163,1854
1364,1844
1658,1833
1107,1959
486,1346
362,1805
319,940
143,189
1085,1382
519,705
1324,1664
1264,1384
1104,1395
270,1169
260,481
297,1043
719,766
760,804
459,1630
779,817
283,879
111,358
190,422
1790,1844
1053,1322
753,764
737,1988
320,882
623,654
141,422
122,143
693,1918
1438,1806
286,1005
1363,1632
401,992
285,780
1898,1912
1335,1506
259,764
135,728
36,197
1034,1285
287,1765
445,890
1,1142
753,777
352,433
491,777
1571,1638
549,718
1230,1345
1524,1563
72,793
1381,1514
789,1639
641,1475
899,1999
1000,1822
676,944
1280,1876
1319,1804
703,1535
1467,1702
1572,1984
137,895
153,610
1097,1876
1735,1867
369,908
1554,1563
1191,1245
196,428
273,1843
794,1057
486,675
1272,1584
894,1409
1527,1581
1807,1864
1573,1697
606,713
19,1145
698,1699
1061,1522
1314,1702
385,973
393,834
226,1889
73,1381
1432,1694
1437,1809
117,670
637,965
48,570
564,1655
1092,1774
328,624
40,157
728,1726
1774,1808
1471,1541
133,1553
1366,1461
395,506
1559,1775
379,683
291,799
1547,1657
666,1908
409,791
376,614
556,1484
358,974
246,275
693,1718
1617,1837
1204,1439
495,979
58,224
696,969
219,815
420,805
814,961
948,961
650,1267
1035,1603
608,1795
279,802
303,930
1135,1955
266,1277
1188,1323
1850,1937
1053,1364
547,738
1472,1496
284,1038
353,643
677,969
1066,1976
1718,1902
238,1336
281,474
47,307
163,1916
552,708
851,1270
629,928
1181,1670
109,404
470,1578
229,1223
72,485
756,1154
61,592
1000,1743
84,990
280,407
1071,1165
1489,1678
1645,1666
1419,1848
1713,1800
305,1339
207,1999
1094,1270
280,528
1448,1502
1066,1171
1016,1579
1516,1902
1423,1445
437,1414
1574,1843
1161,1445
86,662
1386,1792
37,477
917,1987
1118,1977
1319,1738
142,944
343,934
1420,1561
1530,1692
444,491
655,940
1252,1684
185,496
6,265
952,1163
1633,1790
590,1484
595,1828
1020,1297
49,608
343,826
472,711
16,431
1681,1982
232,958
424,899
382,902
196,254
1347,1813
297,306
151,740
634,1877
99,321
1566,1857
854,1651
105,1533
558,606
1451,1641
1024,1308
1043,1587
745,1893
1337,1539
1123,1287
120,380
1716,1801
1458,1802
1504,1918
532,553
107,1084
1696,1859
791,1487
1575,1798
935,943
1005,1416
76,687
717,720
550,1546
66,1433
914,1005
1284,1770
1319,1993
1248,1295
606,1828
324,681
1533,1693
306,1270
435,1680
1950,1981
1408,1432
523,746
1006,1883
435,862
316,682
777,1831
1693,1766
1137,1319
1321,1665
1054,1550
1117,1606
130,384
1332,1945
37,866
4,918
33,1619
1062,1266
97,880
410,1111
480,618
380,680
251,795
383,456
1267,1671
262,395
857,1507
1514,1548
1087,1969
244,526
211,349
104,223
1582,1948
485,854
1046,1150
1980,1994
1262,1448
1482,1717
1547,1846
208,1219
257,586
1162,1446
205,921
301,629
1433,1946
1442,1500
836,1461
1639,1785
99,939
1344,1379
1177,1202
893,1443
216,935
505,809
211,591
1489,1962
86,596
738,1276
540,766
1377,1677
505,930
1706,1852
320,884
311,1064
378,596
1169,1849
176,647
468,755
211,833
1338,1806
250,532
1502,1914
1768,1804
1331,1803
1169,1741
424,833
558,1816
470,720
972,1870
1020,1352
1402,1454
1687,1852
1052,1341
129,1824
382,1775
1373,1921
1359,1986
667,941
820,954
284,422
676,1175
1342,1524
1487,1619
895,1478
738,1760
1791,1801
72,916
531,1467
1436,1573
400,718
224,492
1127,1986
1196,1591
251,366
210,328
150,728
1277,1701
1110,1524
1101,1704
633,1370
139,798
1202,1527
6,683
439,1999
119,331
330,780
564,718
280,959
1682,1871
756,888
462,670
1432,1925
1124,1580
272,546
10,280
617,729
1059,1828
1065,1350
1182,1935
377,747
1051,1186
1383,1659
605,611
25,790
74,157
483,621
102,1158
145,747
1781,1826
580,675
287,1325
1266,1380
143,822
70,280
608,629
613,973
475,1497
1707,1769
327,350
1025,1146
703,866
226,978
656,791
1530,1547
749,753
294,1341
1088,1616
47,417
725,746
104,170
155,401
229,1104
614,686
1621,1971
29,1164
179,465
447,1677
1008,1744
1296,1622
1144,1790
951,1624
1446,1566
157,302
1132,1672
87,997
1338,1511
21,414
716,939
316,1234
1092,1455
1224,1611
954,1750
1518,1563
1523,1678
381,1070
1488,1576
1620,1961
372,469
50,189
1135,1394
154,246
1360,1512
7,721
1662,1850
204,777
6,267
1031,1458
958,1882
182,200
534,1591
983,1417
1189,1751
1027,1460
1648,1807
1689,1808
562,606
768,940
704,955
1603,1741
1338,1995
440,616
173,501
84,429
831,1935
189,216
381,386
25,724
1121,1364
425,843
131,396
1132,1230
531,1535
605,1484
856,1066
1816,1862
1238,1885
190,1205
432,738
270,676
308,968
449,678
220,855
1751,1881
1195,1434
429,440
608,671
601,1715
1110,1592
772,779
142,383
138,678
1584,1596
130,265
145,802
1267,1431
253,335
689,902
1205,1950
157,1041
578,805
347,384
705,846
1171,1319
135,464
188,1788
1193,1603
1010,1896
1299,1770
1202,1837
240,931
181,1519
826,1257
1232,1716
512,572
32,1167
448,816
663,741
40,1516
761,1047
1638,1845
295,1513
141,521
695,1861
320,523
177,474
985,1142
1718,1959
300,1039
811,989
709,749
1588,1849
820,1748
768,1558
448,1876
224,1165
1062,1281
136,298
587,988
922,978
901,1858
378,585
321,465
137,644
1486,1730
1140,1322
574,645
1535,1851
169,367
17,993
583,1633
461,475
1130,1802
218,488
190,655
1069,1563
484,644
551,634
1247,1569
1159,1456
579,881
482,948
1695,1961
1244,1271
255,528
1657,1669
642,937
755,814
1307,1556
1413,1982
1729,1959
794,927
529,1410
1258,1290
900,1582
260,956
180,475
207,312
250,1473
1122,1402
363,596
1253,1333
1640,1742
1337,1704
1120,1706
1502,1808
141,668
361,671
323,379
1854,1967
231,790
468,999
456,908
1163,1295
239,910
51,859
21,953
335,1786
1849,1973
1320,1629
1826,1989
64,505
308,902
1273,1288
314,387
95,1023
76,744
62,846
79,261
1101,1706
15,505
1851,1938
1123,1236
777,828
92,725
4,612
1652,1994
1452,1640
511,1611
1174,1403
1869,1928
245,1906
448,508
928,1899
1211,1699
1302,1588
1610,1704
1216,1548
142,209
362,441
188,325
1048,1183
1218,1594
523,803
46,1144
230,1490
192,969
1308,1487
242,1729
92,967
517,1668
1367,1838
1167,1255
1012,1381
260,285
1452,1653
1850,1928
1212,1671
155,1437
716,1733
167,508
38,623
1399,1763
1297,1715
1115,1186
45,518
605,855
283,804
1465,1713
1477,1538
95,1507
30,883
272,911
327,581
366,1512
1510,1900
529,981
1365,1482
1199,1715
724,1156
779,863
1551,1608
682,930
398,1171
1024,1862
531,1966
1563,1847
381,938
1648,1662
1359,1559
1046,1099
130,575
176,462
1289,1729
1308,1742
972,1793
1187,1452
1412,1836
194,1233
579,815
513,986
587,935
191,935
1180,1449
232,478
63,1689
417,1921
1790,1903
0,586
375,1695
276,1164
1305,1565
694,1411
296,584
1340,1788
868,1978
454,648
597,1865
1354,1578
115,135
1708,1847
1307,1503
432,485
824,1763
1784,1805
1085,1804
1212,1350
606,1577
150,543
576,880
588,1937
507,780
856,934
186,1139
370,1714
1309,1404
1737,1851
187,546
574,726
618,769
1368,1984
1349,1742
1062,1712
1044,1106
471,1473
402,1373
6,390
133,202
1256,1699
1380,1994
309,1596
178,847
173,503
250,723
398,621
1657,1979
330,1884
1805,1877
277,331
233,1722
1158,1248
338,957
288,1365
1000,1076
1478,1869
169,919
1091,1194
1,288
542,1366
528,973
175,1609
388,670
725,1487
1396,1426
546,1027
11,454
179,267
1459,1711
1357,1700
106,691
1353,1995
661,684
1301,1310
1825,1990
490,573
302,751
742,794
170,568
953,977
538,735
1172,1775
243,817
75,452
281,291
621,625
1008,1788
1357,1713
1180,1262
261,1221
130,509
1570,1713
737,921
1501,1842
1225,1907
327,528
1034,1144
227,1344
1407,1426
1006,1082
562,1334
1338,1555
615,931
119,764
1282,1431
800,1916
1047,1793
661,1986
1361,1431
1041,1224
459,805
746,1801
1282,1781
205,925
683,698
499,877
1574,1660
746,754
415,654
1385,1909
662,760
1126,1389
1029,1456
1252,1501
1176,1920
709,993
393,464
1310,1856
1255,1920
336,1650
72,786
1488,1633
22,965
1147,1340
93,845
1328,1617
1608,1671
168,201
1553,1735
439,701
1800,1841
12,893
1096,1230
1576,1867
1059,1577
1092,1525
1069,1807
1597,1926
547,1173
113,423
324,606
1189,1808
1478,1682
608,1533
1242,1590
1263,1878
493,1179
763,774
69,851
74,966
643,1123
851,1826
622,771
111,1787
56,1851
324,848
263,609
590,738
397,1363
328,738
1601,1765
5,987
1369,1644
1184,1827
1619,1755
631,1126
313,322
1698,1819
490,857
1302,1940
529,970
460,1136
23,869
620,859
1820,1822
360,639
1239,1776
141,1504
1739,1833
285,465
1087,1907
1025,1029
1071,1145
345,1041
474,926
1604,1645
1062,1096
413,916
251,854
1323,1891
1237,1851
89,297
882,1394
536,1925
1095,1623
224,872
1463,1497
945,1571
1602,1841
184,921
1189,1379
213,346
545,819
1147,1153
825,1102
1119,1320
665,1638
1641,1890
1407,1723
163,1922
1500,1685
554,760
1438,1975
20,301
512,763
1639,1736
107,943
231,255
363,411
354,820
165,655
159,352
1474,1790
414,578
1666,1960
145,1356
1669,1965
1072,1746
294,661
655,1872
1520,1613
219,487
250,591
145,309
1879,1960
1068,1223
400,535
1054,1059
369,956
1499,1675
1031,1341
1872,1920
146,884
220,833
65,959
146,655
321,656
1016,1935
183,951
1145,1591
197,620
217,306
38,75
1106,1865
6,500
1466,1619
704,1067
1652,1809
1559,1581
141,1893
1144,1339
1141,1593
55,392
220,954
638,713
901,1352
729,831
1467,1992
13,661
1069,1165
1754,1793
118,448
1124,1626
832,1252
1349,1973
1728,1740
1587,1801
1518,1930
1182,1752
430,656
330,718
607,1255
1195,1425
464,654
815,911
1494,1694
1265,1642
450,1429
1668,1995
233,677
1198,1817
1376,1823
433,967
100,498
360,1620
1177,1650
480,490
58,272
371,1486
305,903
169,1271
2,865
15,575
283,1787
1004,1843
1086,1882
661,686
1227,1363
1953,1992
1512,1990
1342,1838
1345,1584
674,1150
1823,1882
1028,1382
367,1902
33,565
219,755
57,693
318,734
777,1019
727,1427
1315,1597
620,1035
1067,1495
1130,1780
1939,1949
278,288
598,1690
1377,1657
1537,1646
102,291
145,927
471,1851
455,1089
34,278
1252,1369
1116,1737
457,640
46,288
682,1926
1043,1151
247,1446
296,1567
654,1046
5,600
579,872
178,528
1310,1845
1797,1963
1351,1617
697,864
702,979
788,982
540,880
1574,1662
435,1123
1219,1434
1477,1729
41,186
678,706
141,767
29,297
1521,1920
144,772
199,479
882,1704
1059,1337
503,890
1812,1840
253,944
1724,1727
0,535
321,361
474,1357
446,1524
1934,1951
409,410
816,1471
1652,1743
1122,1514
81,1776
506,1016
1228,1681
1003,1068
266,775
32,608
104,713
1773,1969
1506,1625
1067,1992
1263,1638
141,780
461,721
204,836
460,762
759,829
1323,1625
96,485
818,1638
1712,1851
184,305
1744,1803
1582,1741
1171,1941
284,657
1650,1912
215,786
234,836
1051,1058
1424,1569
56,1961
1188,1292
637,1189
315,909
1254,1831
1233,1479
393,1768
167,1425
289,627
416,668
1413,1531
1492,1595
626,663
1059,1713
883,1716
1325,1832
205,377
745,1028
1209,1657
108,444
1195,1722
648,1849
1410,1418
830,843
1193,1420
1533,1983
1129,1893
626,784
299,389
345,1030
1719,1880
695,1557
3,512
168,579
1207,1705
43,813
1915,1940
390,628
235,754
656,784
322,1433
210,697
503,690
200,689
1324,1593
1590,1712
181,1578
74,1452
153,284
1037,1499
579,1624
1298,1311
1578,1594
1299,1950
1228,1252
335,1348
1171,1620
1220,1778
126,716
1454,1679
977,1791
581,1791
455,1157
272,1975
194,298
115,1991
1496,1797
219,1294
1444,1607
1358,1567
618,1794
239,485
73,947
1370,1843
1456,1617
1067,1805
1248,1853
145,1237
1518,1677
415,832
634,1630
1016,1695
1484,1800
595,655
345,480
551,814
1089,1163
1192,1813
189,1135
58,1884
1121,1344
937,1523
706,873
1112,1295
196,1525
1386,1800
9,652
1600,1729
939,1754
522,648
183,953
1231,1633
384,943
1258,1470
690,1952
590,782
1469,1919
147,212
1409,1760
1758,1914
261,1896
242,1654
1326,1991
870,957
1293,1814
897,1585
842,895
386,615
919,1344
133,435
673,1840
1311,1868
214,1326
643,1180
1598,1632
140,559
735,1937
241,1136
1638,1704
1101,1765
208,730
1510,1933
483,669
1183,1309
1016,1132
1136,1988
129,1080
1430,1940
325,497
276,1773
1431,1761
631,954
175,674
1147,1773
97,983
1103,1932
503,624
797,842
150,1260
1173,1358
102,1219
979,1263
1323,1827
251,561
1276,1715
1465,1651
283,513
81,1281
1024,1679
511,865
1753,1825
1178,1594
918,960
1370,1535
1232,1830
224,808
485,849
932,1043
186,701
1151,1841
301,1442
198,526
115,757
192,452
10,475
408,750
2,62
1359,1726
292,804
1474,1713
760,909
378,578
765,987
990,1371
364,414
1193,1959
468,737
1495,1543
1505,1965
1799,1890
1077,1905
96,232
239,540
1453,1667
553,1639
269,648
1351,1390
802,919
1428,1610
99,1405
1532,1667
742,1511
50,237
126,784
1118,1798
1061,1264
104,473
1162,1575
327,1942
1901,1914
240,253
916,1290
372,409
465,600
1177,1331
838,1636
1669,1793
275,476
1107,1272
1539,1683
1231,1567
1496,1986
1652,1974
1738,1748
1228,1912
175,1413
1272,1689
1346,1638
1253,1447
1048,1981
1238,1583
1138,1645
391,893
331,613
317,715
1153,1216
391,664
312,371
1012,1240
1361,1919
1130,1232
32,960
421,543
371,951
1002,1986
267,305
62,610
227,906
460,885
1716,1743
534,834
515,555
1406,1517
1251,1643
430,713
523,904
201,890
71,780
1019,1522
1253,1460
1091,1361
76,629
184,428
1464,1643
461,965
180,723
630,1417
1172,1471
1052,1820
1028,1197
250,903
1626,1826
277,740
1044,1407
474,796
1282,1464
1829,1862
430,955
1512,1926
1452,1646
1163,1772
1094,1938
383,614
710,780
1055,1192
432,1967
214,1744
1232,1764
1535,1536
1017,1839
1292,1549
158,388
297,732
369,571
68,1397
258,740
786,859
428,922
1558,1641
587,915
31,697
561,1451
1345,1533
396,566
1910,1948
1010,1139
427,818
466,746
466,517
1257,1541
28,291
1022,1378
229,281
79,751
1674,1829
282,1339
194,997
151,361
1183,1740
371,630
519,528
670,926
1695,1888
270,992
311,993
944,1431
672,743
1405,1560
517,869
176,576
315,1637
1041,1512
1910,1961
1674,1950
546,752
350,1631
558,577
1502,1843
1032,1665
788,810
17,933
1068,1093
512,875
1157,1845
391,585
1017,1276
0,471
552,1176
1319,1614
1687,1781
333,351
450,936
494,942
241,533
677,1329
1238,1396
185,372
1611,1907
456,835
1168,1566
1099,1466
66,128
1673,1738
1046,1576
1400,1808
121,1003
105,241
227,1887
762,999
1250,1756
403,837
1065,1976
356,725
497,701
1252,1802
407,1481
1012,1295
1270,1856
426,942
541,663
914,1928
107,142
269,729
558,832
1198,1458
1206,1282
471,1358
125,950
1353,1746
1139,1228
1006,1638
1116,1244
1589,1693
283,489
1847,1988
142,486
1269,1459
1568,1755
1125,1185
49,968
1174,1343
186,448
184,604
955,1713
1390,1870
208,961
189,453
1637,1747
441,674
7,153
210,741
1710,1996
1529,1921
1157,1295
102,161
1638,1827
843,1364
1486,1699
43,520
356,980
268,867
1582,1932
18,692
59,730
133,679
0,1318
1559,1948
1787,1812
1070,1262
1169,1470
1410,1596
1496,1599
1556,1650
30,931
1179,1663
1258,1727
1407,1527
332,515
793,1893
276,849
87,684
255,497
1774,1994
1213,1432
58,626
1185,1599
46,1326
1240,1306
1892,1986
749,1971
915,957
203,751
479,1329
661,1040
821,1029
1815,1887
614,736
1001,1899
1616,1943
860,1142
1173,1373
15,821
178,290
40,585
812,1330
251,805
1429,1972
382,699
943,1032
781,970
1655,1726
65,763
1247,1443
670,873
1585,1667
1097,1849
1223,1436
1459,1972
1462,1489
1453,1898
1085,1502
1417,1975
61,1933
245,1525
1695,1956
528,1813
89,719
1119,1500
166,185
37,300
1578,1785
962,1516
143,430
739,986
417,935
1277,1564
664,812
53,658
1235,1567
872,1515
722,753
331,602
539,1571
1597,1919
1512,1552
127,314
786,1182
861,1999
352,432
293,1249
917,1113
746,1002
121,1179
1289,1924
905,995
1144,1277
75,245
615,1421
1648,1978
89,1082
254,661
1460,1927
1133,1532
111,612
551,884
1122,1639
1330,1817
523,785
297,479
402,495
1379,1938
1216,1422
507,962
273,795
1164,1232
1,336
1122,1760
303,674
1237,1481
220,905
1383,1535
1023,1229
1429,1651
622,656
123,972
1482,1514
847,1003
747,1065
52,274
659,952
650,903
1238,1827
331,857
26,221
965,1409
1041,1956
511,1727
13,962
1033,1543
875,1371
512,1319
238,262
1730,1885
312,965
320,560
1103,1760
676,1656
1529,1868
1055,1423
1412,1697
1142,1836
732,1672
195,1733
1021,1317
1062,1089
471,850
1556,1826
322,498
1363,1431
33,395
492,680
533,681
1315,1656
1176,1726
1267,1844
107,465
184,914
5,417
165,406
698,906
1286,1305
92,1096
403,463
3,758
1694,1773
355,917
1518,1547
63,745
1456,1608
1521,1737
913,1329
37,463
78,235
1072,1618
356,1411
650,1629
1242,1275
128,995
1343,1852
754,1686
62,412
1249,1665
86,769
26,718
1054,1160
39,428
111,533
1166,1401
167,879
418,461
764,1623
36,130
206,541
1580,1620
1081,1973
236,420
1423,1673
131,138
990,1791
1293,1563
331,657
1320,1437
126,962
547,992
23,1709
40,895
444,719
432,1419
320,949
1395,1732
1069,1976
312,536
671,883
1429,1464
1052,1514
549,893
277,434
182,1594
1180,1928
1321,1638
488,883
916,1589
1578,1974
1330,1872
146,890
36,264
1276,1343
1355,1636
302,383
835,883
1038,1471
1313,1410
824,953
1183,1300
741,955
1370,1392
1315,1456
437,958
1070,1359
1130,1181
206,796
154,606
1432,1977
744,1374
1640,1926
408,1425
1445,1687
958,1074
667,1127
1491,1574
118,1851
721,838
50,670
3,329
591,728
44,855
1649,1867
501,1774
833,1015
615,792
548,802
1535,1701
1466,1867
1227,1356
320,386
710,1066
1604,1693
369,399
1220,1703
764,1423
129,158
590,1041
1068,1834
25,37
1131,1365
1466,1880
69,1046
102,405
179,625
915,959
122,1057
958,1558
1140,1306
371,566
1403,1945
64,823
1189,1198
1579,1878
100,1914
131,998
406,937
25,50
1143,1432
988,1329
191,985
461,580
1273,1727
232,757
1185,1614
1620,1771
1766,1825
56,531
1785,1838
503,991
317,572
147,1881
1344,1607
47,711
1275,1507
1608,1653
1076,1563
1153,1783
1423,1607
253,1755
765,1112
394,1879
1149,1260
717,1566
102,1707
150,472
764,860
859,1686
301,870
1736,1959
1268,1625
297,1165
1694,1962
1436,1438
104,1753
1040,1209
830,1399
83,418
1223,1559
817,871
388,465
1310,1972
1585,1682
134,585
429,1176
336,948
745,887
285,902
18,1312
150,714
783,1115
843,1166
227,668
1395,1679
120,542
345,660
1568,1570
742,1757
9,711
592,766
428,1826
1097,1167
420,430
1409,1698
553,959
45,260
571,1767
1839,1925
160,735
1295,1798
39,1906
94,381
168,330
1654,1916
1258,1650
1072,1231
1478,1690
1278,1336
1013,1819
777,825
99,1893
796,838
1601,1760
1427,1873
620,841
1136,1926
2,1960
1411,1865
344,677
698,1700
1394,1403
1249,1988
1524,1927
689,833
1862,1922
640,1614
132,915
355,664
152,1796
613,959
137,441
78,800
126,1743
1642,1774
1153,1583
1032,1293
402,631
995,1145
943,955
1044,1303
1866,1869
506,1856
129,1152
251,849
1017,1843
619,750
256,698
808,1440
130,330
665,1391
964,1953
1009,1201
1060,1661
67,1442
576,1319
247,326
1247,1258
1319,1363
119,814
883,1735
1521,1726
251,970
1667,1780
872,1317
581,616
1018,1371
259,565
37,223
512,516
212,224
1179,1962
654,1094
1330,1377
354,573
147,768
785,796
1200,1792
821,978
148,1407
1796,1823
194,291
223,763
1138,1328
1014,1787
102,473
1122,1320
459,976
982,1017
1192,1564
925,1449
166,1397
1057,1605
1112,1275
307,878
1511,1546
1395,1600
774,987
153,411
5,1708
1312,1565
116,758
1463,1734
604,1515
1135,1151
1057,1726
338,578
73,1061
412,527
1291,1664
1379,1511
281,1764
1062,1575
1029,1398
1662,1836
91,1115
1213,1744
1068,1326
151,1654
1116,1811
1080,1565
1025,1400
1761,1963
1198,1557
1244,1444
1194,1852
1046,1459
1147,1511
672,989
78,250
243,546
1512,1609
1204,1227
237,243
421,589
1231,1855
169,1011
1368,1860
1161,1796
342,710
715,1709
653,831
207,485
386,487
213,1993
1019,1568
1175,1586
1068,1460
483,541
1255,1286
381,493
59,250
341,1360
143,850
1089,1519
717,1876
1080,1699
624,665
777,1927
1756,1982
1434,1931
1071,1879
701,885
1174,1334
1126,1586
1525,1820
464,649
409,713
460,944
1372,1992
685,1062
1199,1512
168,506
770,840
1281,1581
197,978
1133,1831
1117,1823
1167,1186
186,1499
197,1328
1382,1754
482,1497
1431,1646
1222,1243
924,1320
3,452
1174,1697
1286,1938
387,563
60,168
782,1092
1282,1415
1199,1646
113,970
63,1378
715,1267
954,1549
799,1675
682,861
16,1037
1005,1780
48,989
376,791
1115,1359
1933,1991
607,808
1167,1670
905,1670
671,1503
91,928
1392,1788
1125,1673
1593,1778
86,584
1243,1665
281,759
14,415
151,420
1269,1839
978,1101
1203,1485
1824,1832
1755,1961
1662,1770
905,1562
311,823
1023,1783
1188,1850
1633,1712
1098,1139
382,703
132,299
1052,1437
233,351
90,302
1717,1827
485,1326
53,649
1125,1686
1455,1561
1289,1794
561,1055
36,187
154,179
71,410
141,883
1657,1668
1488,1859
724,1463
660,1973
205,346
1572,1974
1005,1338
1005,1109
337,421
1390,1445
1197,1279
239,1835
1703,1905
829,883
1049,1115
548,604
1265,1679
645,1705
1149,1504
1476,1633
951,994
154,421
348,1189
298,1597
236,490
442,824
738,1640
1538,1693
347,1230
507,953
907,1826
80,327
47,150
585,994
678,956
53,904
510,591
537,953
841,1593
1570,1739
539,770
403,1138
46,83
985,1759
407,1782
305,1771
1106,1231
1215,1403
272,547
678,1198
91,1667
557,908
1133,1778
343,427
831,1413
1207,1929
107,335
19,451
2,807
1726,1999
390,394
1269,1531
364,1159
206,1216
130,440
149,453
118,1103
407,977
589,725
1239,1773
1113,1139
323,754
101,641
1403,1881
455,910
642,736
1475,1491
1273,1771
146,1323
72,354
1166,1379
182,751
970,1504
825,857
61,461
1024,1969
1256,1309
1454,1553
1259,1314
557,1042
1231,1481
1651,1838
620,1098
1043,1201
1117,1904
674,1563
765,927
83,341
1220,1773
794,847
1420,1538
252,298
1456,1720
1282,1833
1241,1566
616,1743
533,1974
1377,1841
95,1748
230,1155
20,1345
1692,1852
1198,1317
109,636
504,1394
1441,1489
1009,1795
616,817
583,640
1247,1852
280,868
49,706
114,835
755,868
655,930
493,868
621,1053
1183,1988
1506,1675
97,1541
1282,1967
89,1128
562,823
1444,1736
1001,1166
16,542
170,191
287,776
1362,1559
1325,1640
1017,1524
339,377
271,1182
522,764
481,726
16,663
272,589
766,895
683,1355
755,1231
465,903
1153,1277
974,1009
1559,1699
1452,1573
435,731
1393,1932
1028,1245
1382,1514
164,682
843,1465
1318,1758
908,1594
1450,1648
101,333
1016,1127
82,91
1950,1971
386,731
891,1132
1080,1822
151,1093
1424,1632
27,798
316,672
631,949
1026,1478
993,1301
67,318
349,970
200,847
311,1846
280,318
404,613
423,855
1918,1995
283,1784
309,790
340,857
1260,1766
75,559
1155,1420
1294,1764
0,156
1216,1844
493,1486
1282,1646
587,855
413,968
647,906
229,1147
206,1163
1152,1307
9,326
1210,1248
556,724
347,1553
1264,1484
417,565
623,633
1029,1092
17,860
1488,1606
177,583
1209,1962
627,1543
355,855
14,296
186,817
676,681
612,1154
767,799
63,683
151,530
115,873
773,1782
1648,1716
834,974
460,504
288,1969
1041,1452
1206,1785
1569,1837
349,407
55,189
1259,1382
519,818
500,576
1052,1318
978,1103
76,248
716,874
1161,1490
461,584
930,1557
1565,1839
107,995
1098,1141
1251,1383
242,402
808,813
245,1639
651,866
558,638
1032,1726
1400,1627
747,1742
1650,1775
1443,1445
799,885
993,1919
330,1575
755,815
1114,1391
849,1874
1119,1506
23,600
1752,1907
878,885
1141,1753
248,718
611,770
1448,1910
285,1014
123,952
85,431
525,703
1024,1353
497,641
1312,1756
1172,1224
1636,1853
121,246
232,1245
282,608
1684,1749
168,1489
1600,1792
1311,1689
1190,1628
261,670
1649,1913
1244,1635
736,899
378,1191
106,503
608,1653
559,714
1127,1989
1364,1407
476,716
813,1533
844,883
415,440
1399,1630
1263,1998
282,850
268,686
36,794
1419,1464
402,622
28,152
1170,1662
103,740
1544,1580
301,432
374,910
327,569
1021,1660
343,550
1086,1826
642,846
387,1788
965,1536
1130,1832
1174,1646
422,1782
1891,1930
38,853
1285,1891
443,1841
1227,1886
193,875
463,507
1755,1776
72,585
578,982
190,577
1270,1475
704,798
387,862
1275,1324
149,1744
818,1085
718,1901
730,972
781,1957
1681,1719
5,652
1173,1663
1118,1727
1011,1601
257,644
1002,1552
1013,1152
1405,1905
1372,1728
52,885
604,1627
1669,1722
1025,1391
637,757
1129,1219
1287,1805
853,1284
704,932
778,881
1729,1894
154,236
1165,1263
838,868
229,1578
203,357
1049,1051
1069,1969
1229,1692
678,1818
412,881
1640,1906
530,873
411,656
774,1233
1629,1784
356,491
1152,1859
1587,1787
1312,1582
312,650
391,943
100,242
571,1813
6,1546
1300,1464
389,1284
150,773
497,817
1791,1967
6,499
474,604
212,833
1079,1172
1141,1821
1144,1567
211,1133
149,255
1360,1865
469,1428
25,485
1043,1929
465,1952
433,953
345,840
330,946
43,1441
1209,1817
130,134
1721,1965
1165,1747
1524,1865
1040,1752
1890,1922
620,900
1461,1516
174,325
3,443
944,997
1630,1702
596,1482
821,1829
1665,1925
15,682
414,953
1904,1978
1183,1427
1309,1768
1290,1526
1280,1710
1519,1992
1008,1547
190,1558
554,559
660,1480
1207,1878
887,1671
95,1442
649,796
1005,1892
376,674
811,979
917,1900
566,919
1255,1895
188,973
429,1853
1461,1771
1208,1554
1115,1363
535,559
1345,1825
600,917
882,1798
1257,1712
863,1556
69,234
1146,1615
354,632
170,811
521,1563
1605,1900
1792,1992
386,1338
618,678
914,1494
559,1266
325,1099
1111,1779
1097,1615
706,1959
1532,1772
1045,1159
468,855
709,981
437,522
1053,1545
1550,1560
1168,1266
1080,1382
115,996
118,247
1893,1899
662,1808
204,701
1238,1446
1303,1841
1430,1616
337,1459
1280,1857
1536,1783
373,887
271,876
1432,1662
7,766
1675,1834
1109,1157
345,532
171,645
152,366
88,876
372,406
868,987
104,591
861,1994
238,820
136,543
133,474
1747,1794
1680,1804
386,425
870,1935
19,79
1326,1922
328,605
854,880
1691,1791
666,1997
654,711
766,952
310,901
1698,1915
318,533
103,608
705,1696
1068,1519
221,600
990,1865
928,950
1031,1637
1595,1679
1700,1732
275,836
106,1781
190,203
2,677
516,898
1450,1705
694,904
622,772
1303,1399
1420,1984
1902,1987
250,900
346,608
98,506
1320,1982
1719,1987
915,1933
421,903
622,893
1193,1877
1195,1721
429,498
103,742
1278,1463
1236,1466
123,162
1153,1697
1012,1721
1241,1544
1246,1659
1232,1990
518,957
1535,1762
330,1135
293,573
1526,1713
256,920
541,1089
145,860
698,1009
230,675
161,804
238,499
469,920
1010,1015
1576,1655
579,1731
1312,1316
116,509
1444,1472
520,858
81,1454
389,789
685,1605
1516,1762
143,1285
1292,1788
435,1164
1224,1590
621,802
41,227
1371,1788
1154,1265
278,1860
1329,1791
312,1215
301,797
1037,1619
95,1631
577,1634
1022,1496
1495,1945
884,1791
27,413
533,810
1080,1208
1269,1898
398,585
1373,1955
70,527
696,1218
1411,1429
748,856
1660,1904
1057,1840
646,808
537,1804
475,926
141,821
144,826
452,713
644,883
50,410
224,297
308,934
1536,1959
767,1219
349,477
440,595
395,1347
25,353
238,875
1742,1835
1483,1840
590,768
1593,1971
1217,1805
1175,1808
1316,1555
61,1299
161,254
897,1571
1117,1345
449,886
94,429
112,483
370,778
428,719
1972,1980
676,1235
3,203
1154,1762
1276,1459
489,591
664,1346
1533,1795
203,493
1772,1811
1343,1634
152,676
413,717
265,553
1075,1590
627,942
1253,1862
921,1123
1602,1750
76,802
1445,1803
280,309
927,1877
162,1485
1369,1929
75,550
1649,1983
1083,1306
797,949
112,846
709,836
1091,1655
621,723
239,392
538,725
1054,1773
636,1031
496,728
1241,1599
1227,1701
1609,1766
1320,1929
141,271
662,1434
1097,1362
1688,1766
1201,1419
681,895
1459,1714
793,1890
1426,1537
483,910
54,733
178,274
66,1790
410,1563
1065,1531
707,803
1933,1984
1085,1365
156,636
137,394
1472,1545
1139,1601
407,1386
792,968
706,1719
174,1858
1734,1895
1150,1615
90,174
231,1345
1557,1710
378,806
1546,1551
42,628
1045,1269
396,860
864,965
1091,1910
449,457
1440,1835
1113,1440
220,405
1118,1784
151,534
1472,1787
873,1724
141,526
748,1958
644,817
241,1632
1775,1946
9,1740
1010,1325
174,824
623,650
306,714
1171,1916
1381,1497
1045,1282
386,414
198,1117
1454,1975
1209,1390
711,1113
637,935
695,1290
103,1415
421,758
1676,1916
1717,1954
903,946
1068,1279
1092,1865
331,720
1867,1898
1853,1963
509,763
1174,1382
166,774
171,889
1485,1917
413,422
1056,1511
261,782
388,594
1520,1911
1033,1298
1525,1989
351,712
143,1729
414,997
254,779
1716,1971
1148,1221
1554,1680
174,261
704,1244
296,1944
196,545
435,790
70,140
696,831
1723,1866
1399,1742
1302,1809
596,600
1628,1979
830,1181
613,1183
535,1529
366,1720
1104,1420
1918,1933
455,782
983,1130
73,451
330,1016
1850,1920
67,1316
1619,1758
1228,1348
901,953
478,621
1326,1361
1047,1946
1038,1897
1258,1900
1459,1890
15,981
717,1253
500,501
1066,1141
211,398
338,439
329,619
62,275
587,914
382,1448
361,571
1493,1888
1040,1125
121,855
121,626
682,922
1008,1846
459,621
268,1282
546,738
269,460
1065,1599
1111,1715
1257,1769
1117,1200
1757,1826
1504,1646
542,740
795,920
41,458
1020,1038
309,1212
68,820
1420,1423
1451,1490
1356,1896
1356,1667
499,1043
773,794
303,579
1163,1208
1338,1734
768,1847
973,1084
59,1158
212,1400
30,191
454,869
510,1215
1057,1613
1277,1845
527,593
1576,1912
15,189
438,1046
111,651
54,117
1367,1509
1022,1740
74,769
722,1973
1715,1963
231,1655
475,820
227,718
1628,1671
322,992
924,1060
1765,1905
1295,1498
1159,1866
440,718
1209,1458
516,942
1054,1291
1284,1753
592,708
319,549
1316,1907
406,437
5,93
414,1052
961,1450
773,1399
682,1769
1700,1789
270,549
1069,1397
123,1024
1346,1705
1621,1644
1025,1061
230,598
1422,1929
209,1478
185,855
668,1763
96,783
1037,1300
355,485
47,332
1234,1356
991,1598
1514,1639
730,776
138,901
217,1948
1158,1711
1097,1472
899,1487
1010,1998
136,976
163,1833
