age,gender,city,annual_income,product_category,purchase_amount,payment_method,is_returned
40,Male,Houston,58901,Home,235.8,Credit Card,False
48,Other,San Antonio,69587,Clothing,240.97,PayPal,True
30,Female,Dallas,115723,Clothing,759.85,Credit Card,True
37,Other,Los Angeles,96574,Home,467.3,UPI,False
51,Female,Philadelphia,111266,Sports,615.62,PayPal,True
50,Other,Dallas,75991,Sports,350.58,Credit Card,False
49,Other,Los Angeles,83690,Beauty,318.71,Debit Card,True
42,Female,Dallas,82985,Beauty,351.24,Debit Card,False
44,Male,Philadelphia,107116,Home,688.77,UPI,False
49,Other,Houston,89404,Beauty,354.38,Debit Card,False
52,Female,Dallas,71241,Clothing,237.08,Debit Card,False
46,Female,Dallas,123518,Beauty,907.97,Debit Card,False
42,Female,San Jose,100918,Home,431.52,UPI,True
40,Male,Dallas,87380,Home,384.58,PayPal,True
42,Male,Los Angeles,115337,Clothing,768.94,UPI,False
49,Male,San Diego,113649,Home,627.78,UPI,True
42,Other,Chicago,76239,Beauty,342.64,Debit Card,False
38,Female,San Jose,94960,Electronics,430.69,Debit Card,True
30,Other,New York,67541,Home,259.28,Debit Card,True
50,Other,San Diego,116021,Electronics,640.68,PayPal,False
38,Other,Philadelphia,57902,Electronics,214.27,PayPal,True
47,Female,San Diego,104975,Sports,502.43,Debit Card,True
35,Female,Dallas,90661,Clothing,411.8,Credit Card,True
47,Female,Philadelphia,92483,Electronics,482.5,UPI,True
40,Male,San Jose,89654,Electronics,384.22,PayPal,False
45,Female,Philadelphia,97451,Home,424.03,PayPal,False
49,Female,Houston,101716,Sports,593.37,Credit Card,True
46,Female,New York,82560,Home,345.94,PayPal,False
44,Female,Los Angeles,97603,Clothing,469.34,UPI,True
44,Female,Phoenix,74149,Beauty,271.71,UPI,True
35,Female,Chicago,67344,Clothing,276.36,Debit Card,False
42,Other,San Jose,113541,Electronics,717.06,PayPal,False
42,Male,Phoenix,71858,Beauty,270.5,PayPal,True
29,Female,Philadelphia,61079,Beauty,227.17,UPI,False
49,Female,Los Angeles,63621,Beauty,240.76,PayPal,True
51,Female,Chicago,93619,Clothing,417.74,UPI,True
36,Other,San Diego,121218,Sports,834.69,PayPal,False
47,Male,Houston,65651,Home,233.62,UPI,False
47,Male,San Antonio,95999,Sports,445.2,Credit Card,False
40,Male,Los Angeles,90471,Sports,451.3,PayPal,False
45,Male,New York,91417,Home,440.89,UPI,False
37,Male,San Jose,97404,Clothing,502.98,Debit Card,False
42,Female,San Antonio,99260,Electronics,566.23,UPI,False
44,Male,San Jose,108456,Beauty,563.02,PayPal,True
40,Female,Houston,77752,Clothing,293.33,UPI,False
51,Other,San Jose,92055,Sports,415.91,PayPal,True
47,Other,Chicago,89481,Clothing,414.68,UPI,False
33,Male,San Jose,83621,Electronics,353.42,Credit Card,True
35,Male,Chicago,125916,Beauty,836.2,Credit Card,False
46,Other,New York,100976,Clothing,544.41,Debit Card,False
40,Female,San Jose,86738,Electronics,330.69,UPI,True
46,Female,Los Angeles,90464,Electronics,415.38,Credit Card,False
49,Female,Los Angeles,74840,Home,287.17,UPI,False
37,Female,Houston,114624,Sports,740.63,Credit Card,True
30,Other,Houston,66314,Home,254.47,PayPal,True
41,Other,New York,46868,Sports,155.55,Debit Card,True
41,Male,Los Angeles,106854,Sports,591.2,Credit Card,True
37,Other,Chicago,63854,Beauty,259.79,PayPal,False
44,Female,Houston,100680,Clothing,469.32,PayPal,True
40,Male,Phoenix,79535,Beauty,322.2,UPI,False
41,Female,New York,90401,Beauty,396.26,PayPal,False
39,Other,San Diego,65975,Home,214.79,Debit Card,False
43,Male,Dallas,47203,Clothing,155.58,Credit Card,False
37,Female,Phoenix,95411,Beauty,444.35,Credit Card,False
30,Male,San Jose,96115,Home,415.09,UPI,False
34,Female,Los Angeles,81715,Electronics,320.69,Credit Card,False
55,Other,Dallas,100314,Clothing,447.75,PayPal,True
39,Other,New York,55912,Beauty,185.24,UPI,False
36,Male,Dallas,83201,Clothing,308.68,Debit Card,True
48,Other,Dallas,94900,Home,417.0,PayPal,True
41,Other,New York,85676,Sports,369.29,PayPal,True
44,Female,New York,75653,Clothing,308.2,UPI,True
46,Other,New York,80148,Beauty,322.42,UPI,False
45,Male,Los Angeles,119802,Electronics,854.0,Debit Card,True
41,Female,Philadelphia,95261,Clothing,414.93,PayPal,True
46,Other,San Diego,107006,Sports,617.97,UPI,True
42,Female,Phoenix,117314,Sports,729.83,UPI,False
48,Female,San Diego,83574,Clothing,339.37,Credit Card,True
42,Male,New York,105497,Sports,584.82,UPI,False
48,Male,Phoenix,97961,Sports,506.2,UPI,False
41,Other,Chicago,123097,Sports,879.18,PayPal,False
31,Other,New York,122012,Home,806.06,Debit Card,True
47,Other,Houston,112913,Beauty,733.09,Debit Card,True
40,Male,Los Angeles,73692,Home,260.72,PayPal,True
32,Male,San Jose,113047,Home,618.81,Credit Card,False
51,Female,Houston,128553,Clothing,893.68,Credit Card,False
41,Female,New York,52702,Sports,187.4,Credit Card,False
46,Male,Phoenix,69702,Clothing,268.73,PayPal,True
33,Female,Houston,61243,Beauty,214.7,Credit Card,False
50,Male,Chicago,104492,Electronics,493.42,UPI,True
39,Female,San Jose,113102,Beauty,708.18,PayPal,True
46,Other,Philadelphia,136579,Sports,977.66,PayPal,False
39,Other,San Jose,71368,Beauty,267.86,Credit Card,False
38,Male,Chicago,96618,Electronics,465.26,UPI,True
50,Other,San Diego,113789,Electronics,699.18,PayPal,True
53,Female,Los Angeles,122978,Home,837.16,UPI,True
43,Male,Philadelphia,62827,Beauty,202.19,Debit Card,True
40,Male,San Jose,131840,Electronics,1039.18,Credit Card,True
48,Male,Chicago,91788,Home,388.88,Credit Card,True
53,Male,Houston,107175,Home,552.62,UPI,False
48,Other,Dallas,82647,Electronics,280.49,PayPal,True
45,Other,San Diego,109460,Clothing,718.78,Credit Card,True
53,Female,Dallas,116260,Electronics,709.38,UPI,False
40,Other,Phoenix,101100,Beauty,562.86,Debit Card,False
44,Male,San Jose,84228,Sports,376.77,Credit Card,True
40,Female,New York,118035,Clothing,755.12,Credit Card,False
38,Other,Phoenix,95936,Clothing,486.5,Debit Card,False
45,Male,Philadelphia,106216,Sports,555.33,Debit Card,False
41,Male,San Jose,107470,Beauty,705.13,UPI,True
36,Male,Dallas,112258,Clothing,674.69,UPI,False
45,Other,San Diego,73297,Beauty,255.31,UPI,False
43,Male,Dallas,90271,Home,460.58,PayPal,False
30,Other,Dallas,65349,Electronics,216.08,Credit Card,True
45,Male,Phoenix,102225,Sports,589.84,PayPal,False
41,Female,Philadelphia,118244,Beauty,734.18,Debit Card,True
54,Other,San Jose,104766,Home,563.5,UPI,True
42,Male,San Jose,100150,Electronics,570.75,Debit Card,False
39,Female,Dallas,72602,Clothing,249.96,UPI,False
53,Male,San Antonio,114954,Home,679.06,PayPal,False
39,Male,Phoenix,75664,Clothing,305.54,PayPal,False
43,Female,Dallas,101450,Sports,535.7,Credit Card,False
32,Other,San Jose,84573,Home,343.71,Debit Card,False
48,Male,Los Angeles,99986,Clothing,534.26,Credit Card,True
43,Female,New York,63720,Clothing,252.74,UPI,False
42,Male,Philadelphia,106605,Clothing,575.88,Debit Card,False
52,Male,Dallas,116423,Home,693.34,PayPal,False
39,Male,Dallas,41932,Home,161.66,Debit Card,False
42,Female,New York,101026,Sports,573.43,UPI,True
51,Other,Chicago,98889,Clothing,472.97,PayPal,False
46,Other,Los Angeles,77580,Clothing,301.29,PayPal,True
50,Female,San Diego,106402,Sports,545.2,Credit Card,True
39,Other,Philadelphia,87189,Clothing,343.69,UPI,False
36,Other,Los Angeles,120223,Sports,832.19,UPI,False
39,Female,Phoenix,85255,Clothing,344.08,PayPal,False
31,Male,Chicago,124822,Clothing,812.42,UPI,True
47,Male,San Diego,75033,Sports,327.22,Debit Card,False
39,Other,San Diego,73019,Sports,275.19,PayPal,True
47,Female,San Antonio,93533,Home,432.12,UPI,False
44,Male,Dallas,70194,Sports,311.98,UPI,False
49,Other,San Jose,72718,Sports,271.12,Debit Card,True
48,Female,Los Angeles,83365,Clothing,383.39,Debit Card,True
45,Male,San Diego,74984,Clothing,248.52,PayPal,False
43,Other,San Diego,51713,Beauty,224.71,UPI,False
36,Female,Los Angeles,107827,Sports,687.09,Credit Card,True
44,Other,New York,99033,Sports,513.2,Debit Card,True
36,Female,Dallas,101916,Electronics,508.34,Debit Card,False
40,Other,Phoenix,102393,Beauty,556.12,UPI,False
46,Male,Phoenix,73061,Home,301.28,UPI,False
40,Male,Phoenix,75439,Electronics,297.89,Debit Card,True
39,Other,San Jose,50353,Sports,141.49,Debit Card,True
36,Female,Chicago,97678,Beauty,454.13,PayPal,True
42,Other,Chicago,62196,Electronics,228.42,UPI,False
38,Other,New York,105625,Clothing,598.53,Debit Card,False
43,Male,San Diego,110582,Clothing,540.31,PayPal,True
36,Other,San Antonio,77209,Clothing,284.88,UPI,True
34,Male,New York,130581,Beauty,1001.03,PayPal,True
44,Male,San Diego,80586,Home,305.27,Credit Card,True
52,Other,San Diego,73975,Clothing,230.07,UPI,True
54,Other,Los Angeles,86875,Clothing,354.09,UPI,False
46,Other,San Jose,73888,Sports,316.22,PayPal,False
47,Female,San Diego,65386,Beauty,196.92,Credit Card,True
40,Female,Houston,58748,Sports,199.44,Credit Card,True
38,Other,San Jose,75614,Electronics,314.11,Debit Card,True
40,Other,Phoenix,103406,Beauty,644.33,UPI,True
49,Female,New York,103882,Electronics,591.24,Debit Card,False
46,Male,Los Angeles,106374,Electronics,595.35,Credit Card,True
44,Other,San Jose,111595,Beauty,662.78,PayPal,False
39,Male,Los Angeles,127032,Electronics,872.37,Credit Card,True
34,Other,Houston,78293,Home,273.15,PayPal,True
42,Female,San Diego,122194,Electronics,820.11,UPI,False
45,Female,San Jose,122269,Clothing,846.06,Debit Card,False
39,Male,Phoenix,90616,Beauty,369.4,Credit Card,True
46,Male,Los Angeles,72234,Sports,328.22,PayPal,True
33,Other,Los Angeles,79810,Electronics,288.02,PayPal,True
38,Female,Los Angeles,111804,Electronics,738.55,Debit Card,False
40,Other,Houston,112759,Beauty,697.18,Debit Card,True
42,Other,Chicago,103685,Electronics,463.22,Credit Card,False
42,Other,San Jose,75250,Electronics,293.25,PayPal,True
41,Other,Dallas,77259,Sports,322.55,Debit Card,True
41,Other,New York,76304,Beauty,336.38,Credit Card,False
34,Other,Philadelphia,85849,Clothing,442.6,Credit Card,False
48,Female,Houston,103568,Beauty,620.87,PayPal,False
40,Female,San Antonio,64795,Clothing,283.17,PayPal,True
41,Male,Chicago,111100,Electronics,676.84,Credit Card,True
51,Other,Philadelphia,85064,Sports,366.9,PayPal,False
33,Male,Dallas,105189,Clothing,583.06,Credit Card,False
38,Other,San Jose,79871,Home,304.46,Credit Card,True
44,Male,Houston,135131,Home,1055.39,UPI,False
33,Male,San Jose,75592,Electronics,278.08,UPI,True
42,Female,Dallas,74853,Electronics,300.42,PayPal,False
44,Other,Dallas,64518,Electronics,209.19,UPI,False
40,Female,New York,68658,Home,262.2,Debit Card,True
47,Other,New York,74997,Electronics,306.33,UPI,True
42,Female,Los Angeles,92913,Sports,422.57,PayPal,True
46,Female,Los Angeles,88682,Home,409.0,PayPal,False
34,Female,Los Angeles,131573,Clothing,1005.37,UPI,False
45,Other,San Antonio,95099,Clothing,416.33,Debit Card,True
47,Male,Dallas,60536,Electronics,218.95,PayPal,False
36,Male,Dallas,95461,Sports,466.27,UPI,True
39,Other,San Antonio,87756,Beauty,430.71,Debit Card,True
35,Male,Philadelphia,42256,Clothing,142.02,Debit Card,True
35,Other,New York,90265,Home,350.84,Credit Card,True
41,Female,Chicago,55457,Clothing,196.3,Credit Card,False
39,Other,Chicago,80533,Electronics,312.19,PayPal,False
40,Male,Houston,111196,Home,650.45,UPI,False
43,Female,Chicago,95656,Sports,436.98,Credit Card,False
36,Other,Dallas,86716,Electronics,410.32,UPI,False
37,Other,Chicago,80374,Clothing,346.61,UPI,False
41,Other,New York,66516,Electronics,225.86,Credit Card,True
42,Female,San Jose,74872,Electronics,277.95,Debit Card,True
41,Male,Houston,69302,Beauty,270.93,Credit Card,False
50,Male,San Jose,115810,Beauty,775.56,PayPal,True
44,Other,New York,102417,Beauty,516.28,PayPal,True
43,Male,San Diego,119012,Sports,713.37,PayPal,True
29,Male,San Jose,81030,Clothing,329.75,UPI,True
47,Other,Houston,80833,Beauty,330.32,Debit Card,True
41,Female,Chicago,101427,Clothing,516.16,UPI,True
46,Male,San Jose,101632,Clothing,524.89,UPI,False
37,Female,Chicago,107706,Electronics,630.06,Credit Card,True
37,Male,Phoenix,76615,Electronics,284.61,Credit Card,True
37,Other,Dallas,87053,Home,397.99,UPI,False
51,Male,Philadelphia,113734,Home,647.54,Credit Card,False
42,Other,Philadelphia,83178,Clothing,349.47,Credit Card,False
46,Other,Los Angeles,101197,Clothing,533.63,Debit Card,False
36,Male,Chicago,88737,Sports,372.83,PayPal,False
53,Male,San Antonio,112797,Home,578.35,UPI,True
45,Male,Houston,92672,Home,405.35,Credit Card,True
43,Other,San Diego,95235,Electronics,469.78,UPI,True
43,Other,Phoenix,105281,Home,582.83,Credit Card,True
48,Male,San Jose,109681,Beauty,625.56,UPI,False
44,Female,San Jose,81826,Beauty,381.77,Credit Card,False
41,Male,Phoenix,78273,Sports,350.53,PayPal,False
43,Female,New York,62725,Sports,246.3,Credit Card,False
33,Other,Dallas,92729,Home,399.85,Credit Card,True
43,Female,Houston,62034,Clothing,265.22,Credit Card,True
45,Other,New York,85006,Home,366.43,PayPal,True
41,Male,Chicago,116482,Sports,709.78,UPI,False
44,Male,Chicago,86318,Home,444.57,PayPal,True
38,Male,Chicago,99330,Clothing,533.0,UPI,False
32,Other,San Antonio,62411,Electronics,258.96,UPI,False
34,Female,Houston,64699,Electronics,229.31,UPI,False
48,Male,Dallas,106849,Home,528.74,PayPal,True
43,Other,Dallas,101678,Beauty,596.71,UPI,True
46,Female,Phoenix,72648,Electronics,262.36,PayPal,False
53,Male,San Antonio,78244,Home,287.67,PayPal,True
44,Female,Dallas,108559,Electronics,661.14,PayPal,False
49,Male,San Antonio,118273,Beauty,724.25,UPI,True
41,Male,San Diego,95604,Clothing,381.54,UPI,False
55,Female,Chicago,125413,Home,821.6,UPI,True
32,Other,Los Angeles,68880,Electronics,290.12,Credit Card,False
45,Female,Philadelphia,106796,Clothing,597.72,UPI,False
42,Other,Houston,111996,Clothing,635.95,UPI,False
53,Female,Chicago,121186,Electronics,749.13,PayPal,False
44,Other,San Diego,81742,Electronics,301.24,Credit Card,False
39,Male,New York,85541,Sports,367.63,Debit Card,True
39,Female,Philadelphia,57770,Clothing,203.34,PayPal,False
50,Other,Houston,80563,Clothing,337.51,UPI,True
41,Other,Philadelphia,104162,Home,694.67,PayPal,True
44,Female,Phoenix,90070,Clothing,404.56,UPI,True
52,Other,Los Angeles,63057,Electronics,217.2,Debit Card,True
45,Other,New York,104113,Sports,568.08,Credit Card,False
42,Female,Philadelphia,86691,Home,388.59,Credit Card,False
45,Female,San Antonio,137734,Clothing,1180.48,Credit Card,True
51,Male,Chicago,61061,Electronics,199.76,UPI,False
44,Other,San Antonio,86809,Beauty,346.54,Debit Card,True
40,Other,San Jose,90641,Sports,445.92,Credit Card,False
44,Male,Phoenix,98357,Sports,383.94,UPI,True
38,Female,San Antonio,120432,Clothing,774.68,Credit Card,False
42,Female,Philadelphia,101456,Sports,616.02,Credit Card,False
37,Female,San Diego,29906,Home,54.29,PayPal,False
36,Female,Los Angeles,123637,Sports,912.82,UPI,True
44,Female,Dallas,110186,Home,674.16,PayPal,True
41,Female,San Diego,81075,Electronics,364.24,Debit Card,True
39,Male,Dallas,105461,Electronics,663.46,PayPal,False
46,Male,Philadelphia,83881,Beauty,394.46,Credit Card,True
36,Female,Phoenix,92479,Electronics,379.32,UPI,True
39,Female,San Jose,107967,Home,583.42,PayPal,True
46,Female,New York,74482,Clothing,292.13,UPI,False
46,Male,Philadelphia,69750,Sports,256.69,Credit Card,False
35,Other,Phoenix,80902,Electronics,312.05,PayPal,True
37,Male,Philadelphia,96079,Clothing,484.25,Debit Card,False
38,Male,San Antonio,108532,Beauty,603.58,UPI,False
44,Male,San Antonio,95796,Beauty,437.42,Debit Card,True
36,Male,San Antonio,109601,Electronics,688.84,UPI,False
39,Other,Chicago,90399,Clothing,422.55,UPI,True
51,Male,Philadelphia,88295,Home,403.09,Debit Card,False
41,Female,Philadelphia,94594,Electronics,492.98,PayPal,True
44,Female,Houston,60588,Beauty,222.58,UPI,False
49,Male,Dallas,124006,Home,812.37,Credit Card,False
44,Male,San Antonio,77863,Home,302.27,Credit Card,False
30,Male,Philadelphia,91771,Sports,452.88,Credit Card,True
44,Other,Chicago,87413,Sports,365.15,Credit Card,True
39,Other,Dallas,99841,Sports,557.75,UPI,False
35,Other,San Diego,82094,Home,317.97,PayPal,True
44,Male,Los Angeles,112303,Electronics,709.18,UPI,True
43,Female,Los Angeles,66702,Clothing,258.31,Credit Card,True
53,Female,San Antonio,85133,Home,340.33,UPI,True
40,Male,Phoenix,65740,Electronics,273.04,UPI,True
41,Female,San Diego,87800,Electronics,415.1,Credit Card,False
48,Female,Houston,92176,Sports,366.94,UPI,False
41,Male,San Jose,105387,Sports,610.92,Credit Card,True
46,Male,Dallas,98218,Beauty,534.77,Debit Card,True
50,Other,Houston,145232,Sports,1234.53,PayPal,True
43,Female,Los Angeles,63058,Clothing,212.4,Debit Card,False
35,Other,Philadelphia,76540,Electronics,321.34,Credit Card,True
46,Female,Los Angeles,83878,Beauty,311.89,Credit Card,True
51,Other,San Jose,128444,Clothing,917.54,Credit Card,True
39,Other,New York,73758,Sports,312.22,Credit Card,False
40,Male,San Antonio,92520,Home,414.25,UPI,True
38,Female,Los Angeles,58200,Home,195.5,UPI,False
52,Female,Philadelphia,103882,Clothing,482.97,PayPal,True
44,Other,Los Angeles,67790,Beauty,264.88,Debit Card,False
31,Female,Houston,66497,Home,244.62,PayPal,False
39,Female,San Jose,94842,Beauty,448.32,Debit Card,True
50,Other,Houston,71116,Beauty,276.84,PayPal,False
39,Female,Philadelphia,89448,Clothing,334.49,UPI,False
41,Male,San Diego,105752,Home,651.96,PayPal,False
41,Female,Phoenix,120928,Sports,821.99,UPI,True
43,Male,Dallas,119811,Sports,894.72,Credit Card,True
37,Female,Dallas,108495,Sports,628.69,PayPal,True
50,Female,Chicago,72355,Home,254.01,Credit Card,True
47,Other,Houston,117705,Clothing,769.35,Debit Card,True
35,Male,San Jose,87055,Home,347.84,Debit Card,False
47,Male,Chicago,134650,Home,1093.69,UPI,True
33,Other,Los Angeles,75435,Home,293.65,Debit Card,True
44,Male,Dallas,129668,Clothing,1033.49,UPI,True
42,Female,Philadelphia,110540,Electronics,653.44,Credit Card,True
41,Other,Houston,115024,Home,768.82,Debit Card,True
42,Male,Los Angeles,85051,Clothing,327.55,Debit Card,False
38,Other,Los Angeles,110060,Clothing,657.85,Debit Card,False
34,Other,New York,79045,Beauty,293.57,Debit Card,True
39,Other,Phoenix,109413,Beauty,739.01,PayPal,True
43,Female,Dallas,79712,Clothing,306.47,UPI,False
44,Female,New York,103303,Home,491.84,UPI,False
36,Male,Chicago,111231,Sports,599.4,UPI,True
35,Male,Houston,94579,Sports,412.2,UPI,True
41,Other,San Antonio,66805,Sports,212.47,UPI,True
48,Other,Dallas,77684,Beauty,248.34,PayPal,True
45,Other,San Jose,109294,Electronics,529.74,Credit Card,True
37,Female,Houston,54547,Clothing,192.34,Credit Card,False
36,Female,New York,54396,Electronics,181.99,Credit Card,True
46,Female,Philadelphia,134708,Home,953.12,UPI,False
46,Other,Los Angeles,78715,Sports,284.18,Credit Card,False
43,Other,San Antonio,102047,Electronics,488.21,UPI,True
41,Female,Phoenix,92898,Electronics,409.9,PayPal,True
51,Female,San Jose,104987,Home,554.69,UPI,True
46,Male,Dallas,115184,Beauty,756.04,UPI,True
38,Other,San Jose,91552,Beauty,428.19,Debit Card,False
44,Other,Houston,89175,Clothing,381.98,Credit Card,True
44,Other,San Diego,89467,Beauty,388.43,Credit Card,False
50,Male,San Jose,127459,Sports,902.65,PayPal,False
48,Female,New York,95339,Clothing,438.22,PayPal,True
43,Other,San Antonio,83741,Sports,300.57,PayPal,False
46,Other,San Jose,108197,Home,554.4,UPI,False
36,Other,Philadelphia,77305,Beauty,319.28,Debit Card,True
33,Female,New York,96315,Electronics,456.33,Debit Card,True
49,Female,Houston,88293,Beauty,449.08,UPI,True
42,Male,Houston,85224,Home,347.47,Debit Card,False
41,Male,Philadelphia,87112,Electronics,285.07,Debit Card,True
38,Female,Chicago,36234,Beauty,81.51,Credit Card,False
43,Other,Los Angeles,100478,Home,532.24,Credit Card,True
46,Male,Philadelphia,85971,Clothing,413.37,Credit Card,True
44,Other,Phoenix,82548,Beauty,366.84,Debit Card,True
42,Male,Phoenix,56959,Home,219.96,PayPal,False
49,Female,Dallas,101615,Electronics,566.64,Credit Card,False
36,Other,Dallas,92800,Beauty,386.65,Credit Card,False
41,Female,Los Angeles,92748,Home,394.99,UPI,True
36,Female,Phoenix,81982,Electronics,330.56,Debit Card,False
43,Other,Phoenix,70473,Sports,262.24,UPI,True
38,Female,Houston,101957,Home,566.57,Debit Card,True
34,Other,San Diego,93068,Clothing,491.43,Credit Card,True
38,Female,New York,113895,Sports,675.75,UPI,True
55,Other,Los Angeles,104418,Beauty,480.99,Credit Card,True
47,Other,San Diego,77336,Electronics,337.62,Debit Card,True
36,Female,New York,97070,Beauty,437.77,PayPal,False
35,Female,San Diego,49426,Clothing,185.31,Debit Card,True
44,Male,Dallas,94895,Clothing,438.3,Credit Card,True
46,Female,San Jose,72882,Home,245.97,Debit Card,False
41,Female,San Diego,76070,Home,314.14,UPI,True
35,Male,Philadelphia,69404,Clothing,256.33,Credit Card,False
37,Female,Phoenix,85503,Beauty,393.96,Credit Card,False
43,Other,Dallas,102154,Electronics,535.64,UPI,False
44,Other,Phoenix,115254,Sports,693.72,PayPal,False
33,Other,Houston,70893,Clothing,302.55,Debit Card,False
47,Male,San Jose,44967,Sports,150.15,Debit Card,False
35,Male,San Jose,93211,Electronics,425.88,UPI,False
37,Other,New York,98499,Electronics,460.67,PayPal,True
47,Male,Los Angeles,78775,Home,300.82,Credit Card,True
45,Other,New York,62056,Electronics,245.37,Debit Card,True
45,Female,Los Angeles,107286,Beauty,571.92,PayPal,False
48,Female,Houston,62467,Clothing,241.95,Debit Card,False
46,Female,Dallas,127401,Clothing,859.9,Credit Card,True
38,Female,San Diego,60172,Electronics,267.29,Debit Card,True
39,Male,Chicago,114832,Beauty,615.66,Credit Card,True
39,Other,Dallas,86029,Home,344.84,PayPal,True
53,Male,Los Angeles,87267,Beauty,342.73,UPI,False
42,Female,San Jose,62261,Electronics,251.91,PayPal,False
36,Other,Los Angeles,81351,Home,331.68,Debit Card,False
42,Other,Phoenix,93814,Sports,387.49,UPI,False
44,Female,New York,92090,Clothing,429.15,Debit Card,True
40,Female,Chicago,126211,Clothing,884.99,Debit Card,False
37,Other,Chicago,112795,Electronics,731.81,UPI,True
37,Female,New York,82275,Home,361.75,Credit Card,True
39,Female,Chicago,46014,Clothing,176.26,Credit Card,True
44,Female,San Diego,82943,Electronics,313.26,Credit Card,False
41,Female,San Jose,63540,Sports,260.75,PayPal,True
48,Male,Los Angeles,97106,Beauty,416.23,UPI,False
46,Other,Houston,104366,Home,571.37,UPI,True
49,Other,Dallas,33073,Beauty,48.41,UPI,False
36,Female,Phoenix,92953,Home,402.18,PayPal,False
45,Female,Chicago,72017,Sports,241.18,PayPal,False
43,Male,San Antonio,104365,Home,498.61,Credit Card,False
53,Other,Houston,56272,Clothing,133.49,Debit Card,False
54,Female,San Diego,93281,Beauty,400.24,PayPal,False
30,Male,Chicago,70750,Clothing,271.25,Credit Card,True
29,Other,Dallas,34739,Home,107.42,Debit Card,False
41,Female,Chicago,119130,Home,802.58,Debit Card,True
50,Other,San Antonio,77358,Beauty,307.43,Debit Card,True
42,Female,Dallas,114359,Clothing,675.87,Debit Card,True
40,Other,Houston,59065,Clothing,235.76,PayPal,False
44,Male,San Diego,96385,Electronics,414.13,UPI,False
49,Female,San Diego,86549,Beauty,376.12,Debit Card,False
49,Female,Chicago,100332,Clothing,522.42,PayPal,False
43,Male,Los Angeles,93138,Sports,397.08,Credit Card,True
47,Other,Los Angeles,62021,Home,202.26,UPI,True
50,Male,San Diego,93760,Clothing,416.94,PayPal,False
47,Male,Los Angeles,115296,Beauty,725.83,Credit Card,False
51,Male,Chicago,118929,Electronics,773.35,PayPal,True
56,Other,Houston,60388,Clothing,197.59,UPI,False
51,Male,San Diego,114457,Clothing,634.05,UPI,True
32,Other,Chicago,63775,Clothing,214.25,PayPal,False
44,Male,New York,79144,Electronics,347.13,PayPal,False
37,Male,Philadelphia,83977,Electronics,382.12,PayPal,False
45,Female,Houston,63639,Clothing,226.54,PayPal,True
43,Other,Philadelphia,76948,Sports,268.42,PayPal,True
38,Male,Los Angeles,79811,Sports,316.79,UPI,True
42,Male,San Jose,117136,Sports,802.65,Credit Card,True
36,Female,Chicago,108915,Sports,651.52,PayPal,False
45,Female,Chicago,105804,Clothing,590.57,Credit Card,False
42,Male,San Antonio,115129,Clothing,740.89,PayPal,True
33,Male,Los Angeles,93984,Sports,439.17,PayPal,True
42,Other,Phoenix,61475,Sports,270.03,Debit Card,True
54,Female,Houston,89162,Clothing,443.37,PayPal,False
48,Male,Philadelphia,106852,Clothing,632.6,Credit Card,False
38,Male,Los Angeles,80522,Clothing,316.3,Credit Card,False
48,Other,Philadelphia,86538,Beauty,339.16,Credit Card,True
37,Female,New York,59211,Beauty,181.17,Credit Card,False
42,Male,Los Angeles,90840,Home,360.36,UPI,False
50,Other,Los Angeles,56409,Electronics,165.27,PayPal,True
46,Female,Houston,93466,Electronics,556.37,UPI,False
50,Other,Chicago,107922,Clothing,570.07,PayPal,True
52,Male,New York,119510,Electronics,832.64,Debit Card,False
37,Other,Dallas,83692,Electronics,323.37,PayPal,False
34,Male,Philadelphia,79263,Electronics,304.28,UPI,True
42,Male,San Jose,106672,Clothing,554.87,PayPal,True
43,Female,San Diego,99489,Electronics,537.35,UPI,True
39,Female,Dallas,88393,Clothing,412.0,PayPal,True
43,Female,Los Angeles,95517,Beauty,427.49,Credit Card,False
45,Female,San Antonio,122845,Home,905.06,PayPal,True
45,Male,San Antonio,97270,Sports,486.86,UPI,False
40,Other,Houston,98695,Clothing,455.78,PayPal,True
39,Other,Philadelphia,105298,Clothing,555.32,PayPal,True
40,Female,Phoenix,92030,Sports,447.74,Debit Card,False
46,Other,San Jose,66186,Home,187.71,PayPal,False
43,Female,Los Angeles,76599,Clothing,268.69,UPI,False
38,Female,New York,119993,Beauty,834.27,Credit Card,False
39,Male,Philadelphia,112746,Clothing,675.49,UPI,True
45,Male,Dallas,88759,Home,368.12,UPI,True
36,Female,San Jose,64927,Home,246.19,Credit Card,False
41,Male,Houston,116704,Beauty,708.18,UPI,True
46,Female,San Diego,130982,Beauty,956.32,PayPal,False
39,Other,San Jose,116256,Beauty,771.95,UPI,True
43,Male,San Jose,118317,Electronics,703.47,Credit Card,False
45,Male,San Antonio,86177,Beauty,345.57,UPI,True
50,Female,Philadelphia,88635,Sports,376.43,UPI,True
54,Other,Los Angeles,50642,Clothing,138.06,Debit Card,False
24,Male,San Jose,97115,Electronics,486.54,UPI,True
41,Female,Houston,105245,Electronics,573.07,PayPal,True
35,Other,Philadelphia,106475,Clothing,607.16,UPI,False
42,Female,San Antonio,88304,Clothing,375.46,Credit Card,True
41,Female,Dallas,105995,Sports,619.1,Credit Card,False
46,Other,San Diego,126099,Beauty,919.07,Credit Card,True
48,Female,San Antonio,91117,Home,435.81,PayPal,True
36,Male,San Jose,88393,Home,404.11,UPI,False
46,Male,San Antonio,90384,Clothing,341.65,PayPal,False
45,Female,Philadelphia,90431,Electronics,354.04,UPI,False
54,Other,Los Angeles,111839,Beauty,648.58,PayPal,False
46,Female,Phoenix,108993,Beauty,675.81,UPI,False
37,Female,Los Angeles,102628,Home,525.18,PayPal,True
38,Other,Philadelphia,70612,Clothing,255.68,Credit Card,False
42,Female,New York,72737,Clothing,260.27,Debit Card,False
49,Other,Los Angeles,87431,Electronics,326.55,PayPal,True
39,Male,Chicago,59374,Home,255.54,PayPal,True
37,Female,New York,92424,Electronics,476.63,UPI,True
39,Male,San Antonio,76521,Electronics,330.01,UPI,True
45,Male,Philadelphia,105854,Home,562.53,Debit Card,False
47,Other,Chicago,125653,Beauty,834.19,UPI,False
42,Male,Los Angeles,71834,Sports,272.68,Debit Card,True
41,Male,Los Angeles,73304,Home,281.81,Debit Card,False
43,Male,Los Angeles,91759,Beauty,396.26,Credit Card,True
31,Female,Dallas,104376,Electronics,555.84,UPI,True
42,Female,San Diego,90668,Home,392.97,Debit Card,True
32,Male,San Antonio,113902,Beauty,754.63,PayPal,True
48,Other,Philadelphia,105281,Beauty,579.39,Credit Card,True
38,Male,San Diego,42821,Sports,152.15,UPI,True
45,Other,New York,112113,Home,661.55,PayPal,True
34,Male,Philadelphia,86757,Electronics,281.86,Debit Card,True
51,Female,San Jose,130890,Sports,960.49,PayPal,False
43,Male,Philadelphia,119185,Home,807.36,UPI,True
35,Female,San Jose,86941,Beauty,342.48,Credit Card,False
49,Other,Dallas,89274,Home,398.85,UPI,False
44,Other,Los Angeles,73043,Beauty,278.83,Credit Card,False
34,Male,Phoenix,63406,Electronics,236.39,Credit Card,False
35,Female,New York,101409,Electronics,551.34,PayPal,True
38,Other,San Diego,110526,Beauty,674.51,PayPal,True
41,Female,San Diego,124242,Electronics,944.55,UPI,True
45,Female,San Diego,82782,Clothing,302.31,Debit Card,False
41,Male,San Antonio,104050,Home,623.13,Debit Card,True
36,Other,Los Angeles,96311,Clothing,515.03,Debit Card,False
50,Male,San Antonio,120210,Clothing,786.53,PayPal,False
44,Male,Los Angeles,107625,Clothing,564.01,PayPal,True
39,Other,Houston,90096,Sports,385.6,Credit Card,True
42,Female,Philadelphia,106074,Sports,607.01,UPI,False
44,Other,San Jose,95792,Clothing,462.38,PayPal,True
37,Female,New York,79902,Beauty,326.3,Credit Card,True
40,Male,Los Angeles,84593,Clothing,339.11,Debit Card,True
47,Other,San Antonio,84685,Clothing,347.83,PayPal,False
51,Other,San Antonio,131004,Home,893.02,Debit Card,False
29,Female,San Diego,127614,Clothing,889.6,PayPal,True
41,Female,San Diego,59147,Beauty,204.26,Credit Card,False
46,Female,Dallas,112883,Sports,641.83,Credit Card,False
46,Female,Dallas,120939,Sports,838.03,PayPal,True
44,Female,Philadelphia,104198,Home,652.67,Debit Card,False
49,Other,Dallas,80114,Beauty,324.06,Credit Card,True
51,Other,Los Angeles,81594,Clothing,333.64,Debit Card,True
48,Other,Phoenix,97498,Sports,479.93,UPI,False
46,Other,San Diego,86918,Sports,363.33,PayPal,True
49,Male,San Diego,123295,Sports,848.33,Debit Card,True
35,Other,San Jose,51989,Electronics,183.54,UPI,False
45,Female,Los Angeles,81221,Clothing,354.72,UPI,True
47,Female,Philadelphia,91934,Beauty,423.21,UPI,False
50,Other,Houston,56066,Home,172.54,UPI,False
38,Male,San Diego,94637,Sports,405.52,Credit Card,False
43,Female,Phoenix,96192,Home,410.21,Debit Card,False
41,Female,New York,53860,Sports,162.92,UPI,True
37,Female,Houston,61364,Sports,217.57,UPI,False
34,Female,New York,107690,Electronics,619.51,Credit Card,False
43,Female,San Diego,113951,Electronics,644.06,PayPal,True
47,Other,Philadelphia,138692,Beauty,1011.47,UPI,False
42,Other,Dallas,118620,Beauty,798.48,Debit Card,False
52,Male,Houston,66935,Clothing,211.73,Credit Card,False
45,Male,San Diego,89663,Electronics,347.04,PayPal,True
39,Male,San Diego,85843,Home,354.59,UPI,True
40,Female,Houston,78645,Electronics,253.28,PayPal,True
45,Other,San Antonio,84684,Electronics,435.25,Credit Card,True
40,Male,Houston,95770,Clothing,501.93,Debit Card,False
43,Male,Chicago,110725,Clothing,665.76,UPI,True
50,Male,Chicago,47025,Clothing,143.27,Debit Card,False
46,Other,Philadelphia,141926,Beauty,1079.25,UPI,True
47,Female,San Antonio,72856,Sports,256.99,Debit Card,False
34,Male,Los Angeles,78526,Beauty,305.57,Debit Card,True
46,Female,Los Angeles,101562,Clothing,584.22,Debit Card,False
46,Female,Chicago,119809,Electronics,786.62,PayPal,False
39,Female,San Jose,129086,Sports,946.32,Credit Card,True
34,Other,San Antonio,54025,Electronics,201.79,UPI,True
36,Female,Philadelphia,108791,Beauty,708.42,Debit Card,False
48,Female,San Jose,117743,Electronics,710.45,UPI,True
42,Other,New York,60968,Clothing,225.73,Credit Card,False
44,Female,Houston,105385,Sports,584.17,Credit Card,True
39,Male,Chicago,55178,Home,179.08,Debit Card,True
38,Other,San Diego,69215,Beauty,288.21,UPI,True
38,Male,Chicago,89200,Home,474.79,UPI,True
45,Male,Los Angeles,97645,Home,499.8,UPI,False
32,Female,Los Angeles,85045,Electronics,333.86,PayPal,False
36,Female,Los Angeles,80030,Home,293.98,PayPal,True
46,Female,San Jose,74834,Electronics,293.93,PayPal,True
44,Female,Phoenix,73122,Clothing,288.52,Debit Card,True
38,Other,Houston,105687,Beauty,548.31,Debit Card,False
47,Female,New York,99981,Clothing,560.9,Debit Card,True
45,Female,Los Angeles,98970,Sports,521.25,Debit Card,True
38,Other,Philadelphia,105787,Electronics,669.36,UPI,False
49,Other,Phoenix,79267,Beauty,369.05,PayPal,False
43,Male,Los Angeles,83989,Clothing,356.05,UPI,True
34,Other,Los Angeles,89216,Electronics,462.33,PayPal,False
47,Other,Phoenix,93828,Beauty,378.22,UPI,False
40,Female,Los Angeles,83177,Beauty,336.2,Credit Card,True
51,Other,Philadelphia,99917,Clothing,487.63,Credit Card,False
43,Other,Dallas,76413,Electronics,323.84,Credit Card,True
34,Male,Los Angeles,79082,Beauty,329.38,UPI,True
43,Female,Chicago,107103,Home,566.16,Debit Card,False
46,Male,Dallas,114650,Home,745.67,PayPal,False
38,Male,Dallas,102772,Clothing,573.88,UPI,True
42,Male,San Diego,102244,Home,535.78,PayPal,True
39,Male,San Jose,92811,Sports,404.28,Debit Card,True
36,Female,New York,77016,Electronics,320.82,Debit Card,False
42,Other,New York,84612,Sports,316.27,UPI,False
50,Female,Dallas,94582,Electronics,446.37,Debit Card,True
46,Male,Los Angeles,87689,Beauty,343.02,Credit Card,True
43,Other,San Diego,63990,Beauty,191.15,UPI,True
44,Female,Dallas,121098,Electronics,814.72,UPI,False
48,Female,Philadelphia,78789,Clothing,284.72,PayPal,True
34,Female,Phoenix,122675,Home,904.72,Debit Card,False
44,Other,San Diego,137874,Sports,1115.69,PayPal,True
49,Other,New York,125462,Sports,856.9,UPI,False
43,Male,Los Angeles,79422,Sports,351.78,UPI,False
38,Female,San Diego,84685,Beauty,353.86,Debit Card,False
51,Male,San Antonio,91180,Home,406.38,Debit Card,False
46,Male,Houston,76627,Sports,268.3,PayPal,False
41,Female,Philadelphia,97956,Sports,393.35,UPI,False
31,Female,Houston,64191,Electronics,245.27,PayPal,True
46,Male,San Jose,112972,Home,711.24,PayPal,False
44,Other,Dallas,105347,Sports,648.34,PayPal,False
44,Female,Phoenix,103701,Electronics,636.91,Debit Card,True
44,Female,San Antonio,45244,Sports,189.67,UPI,True
45,Other,Philadelphia,90122,Electronics,440.24,UPI,False
47,Male,Phoenix,94584,Electronics,437.39,UPI,False
49,Other,San Antonio,114429,Electronics,665.16,Debit Card,False
40,Other,Philadelphia,97402,Electronics,526.86,UPI,True
48,Other,San Jose,92185,Electronics,401.57,PayPal,True
46,Other,San Jose,102617,Home,498.86,UPI,True
46,Male,San Jose,87002,Beauty,350.6,PayPal,False
36,Male,Los Angeles,103740,Home,604.15,Debit Card,False
41,Female,San Diego,103449,Home,498.17,Credit Card,False
46,Male,New York,97938,Sports,490.31,Credit Card,False
41,Male,San Jose,76063,Beauty,341.25,PayPal,True
34,Other,Los Angeles,135061,Beauty,1107.25,PayPal,True
46,Male,San Antonio,76682,Home,295.76,Credit Card,True
55,Female,Houston,45114,Beauty,131.71,Debit Card,True
32,Other,Philadelphia,62555,Beauty,238.74,PayPal,False
48,Other,Los Angeles,88267,Clothing,341.85,Debit Card,False
51,Male,San Diego,100931,Electronics,512.36,PayPal,False
53,Other,San Antonio,125934,Home,859.76,Debit Card,False
45,Male,New York,80664,Beauty,361.38,UPI,False
51,Other,San Diego,83339,Home,344.26,Debit Card,True
34,Male,San Diego,112176,Sports,767.48,Credit Card,True
32,Female,Philadelphia,64489,Clothing,267.43,Credit Card,False
40,Female,New York,72865,Home,298.59,Debit Card,True
37,Female,Los Angeles,86975,Home,364.46,Credit Card,False
47,Male,Houston,99322,Home,499.44,Debit Card,False
36,Female,Los Angeles,94420,Beauty,410.58,UPI,True
48,Male,Chicago,115091,Electronics,652.19,PayPal,True
45,Female,San Antonio,88297,Beauty,386.65,Debit Card,False
45,Other,Phoenix,64223,Home,228.95,PayPal,True
49,Other,San Diego,110902,Clothing,574.53,Credit Card,False
42,Other,Chicago,70194,Beauty,232.24,Credit Card,True
46,Female,Chicago,100907,Clothing,452.82,Debit Card,False
45,Male,Houston,88157,Sports,345.48,Debit Card,False
40,Other,Los Angeles,74072,Sports,261.78,UPI,True
44,Male,San Diego,100742,Sports,544.65,PayPal,False
47,Female,Houston,143474,Home,1206.14,Debit Card,True
46,Other,Dallas,103265,Beauty,512.02,Debit Card,True
41,Male,New York,128750,Home,968.66,Debit Card,False
46,Female,San Antonio,95313,Sports,454.91,PayPal,True
39,Male,Dallas,39618,Electronics,109.79,UPI,True
44,Female,Phoenix,71671,Clothing,268.21,UPI,False
39,Female,New York,57860,Beauty,207.52,Debit Card,True
44,Female,San Antonio,108312,Home,602.49,PayPal,True
36,Other,San Jose,58371,Clothing,228.38,Credit Card,True
42,Other,Dallas,99629,Beauty,493.82,Credit Card,False
45,Other,Dallas,86925,Clothing,373.8,Debit Card,True
36,Female,Dallas,41000,Electronics,105.01,Credit Card,True
35,Female,Philadelphia,107715,Sports,630.9,Debit Card,False
52,Male,Phoenix,90520,Sports,403.57,PayPal,True
41,Other,Houston,43945,Beauty,109.13,Debit Card,False
41,Female,San Jose,102493,Beauty,519.68,Credit Card,True
47,Female,Dallas,53386,Clothing,195.34,Credit Card,False
40,Female,Los Angeles,59274,Electronics,179.34,PayPal,True
41,Female,San Jose,60494,Clothing,215.19,Credit Card,False
37,Other,San Diego,96042,Electronics,430.18,Debit Card,False
44,Female,San Antonio,55620,Clothing,160.78,PayPal,False
40,Female,New York,72631,Clothing,301.94,Credit Card,False
37,Male,Houston,105939,Clothing,603.29,UPI,False
50,Other,San Diego,96893,Sports,421.13,Credit Card,True
41,Female,San Antonio,96440,Home,412.49,Credit Card,False
39,Male,Phoenix,78525,Electronics,390.63,Credit Card,False
40,Male,San Diego,98979,Beauty,485.54,PayPal,True
41,Male,Phoenix,88354,Electronics,375.83,Credit Card,False
43,Female,Chicago,85610,Home,307.21,UPI,True
33,Male,San Diego,72657,Home,233.76,Credit Card,False
42,Other,Los Angeles,96984,Electronics,418.25,Credit Card,True
45,Other,San Diego,102027,Clothing,463.63,Debit Card,True
43,Male,Philadelphia,68608,Beauty,279.66,Debit Card,False
44,Other,San Diego,77581,Clothing,283.38,PayPal,False
42,Male,Dallas,86198,Clothing,392.91,Debit Card,False
38,Male,Dallas,115851,Clothing,678.47,Credit Card,False
40,Male,San Antonio,65368,Sports,214.53,UPI,False
46,Male,San Antonio,95580,Home,524.44,Debit Card,True
37,Female,New York,82529,Clothing,340.59,Debit Card,False
53,Female,Chicago,57608,Electronics,226.71,Credit Card,False
48,Other,New York,96530,Home,457.56,PayPal,True
39,Female,Los Angeles,83807,Clothing,342.91,PayPal,False
42,Male,Chicago,99341,Sports,492.68,UPI,False
49,Female,San Antonio,121038,Beauty,773.98,Debit Card,False
43,Female,Chicago,104398,Beauty,415.37,UPI,False
49,Other,Philadelphia,112253,Beauty,702.69,Credit Card,True
29,Male,San Jose,84944,Beauty,341.99,Credit Card,False
50,Other,Los Angeles,124628,Home,806.94,PayPal,False
39,Male,San Jose,105674,Clothing,590.02,Debit Card,True
46,Female,Chicago,77776,Home,299.42,UPI,True
47,Female,Phoenix,114594,Beauty,676.13,Debit Card,False
40,Female,San Antonio,130345,Clothing,874.16,Credit Card,False
42,Male,Philadelphia,96873,Home,541.41,Credit Card,False
55,Male,San Diego,98036,Beauty,431.61,Debit Card,True
42,Male,San Jose,93871,Clothing,396.45,UPI,True
51,Other,San Diego,88741,Sports,370.33,PayPal,False
36,Male,Dallas,100667,Sports,530.58,Debit Card,False
40,Male,Chicago,67704,Beauty,264.89,Credit Card,False
44,Other,Phoenix,43581,Beauty,141.07,UPI,True
37,Female,San Antonio,95503,Sports,512.85,PayPal,False
36,Female,San Antonio,43547,Beauty,120.4,Credit Card,False
46,Female,San Antonio,103447,Home,464.25,Debit Card,False
40,Female,Chicago,65774,Sports,241.3,Credit Card,True
47,Female,San Diego,88075,Electronics,368.77,Credit Card,False
44,Male,Los Angeles,117806,Electronics,784.48,PayPal,True
41,Male,Chicago,104374,Clothing,596.47,Debit Card,False
37,Female,Houston,92024,Electronics,422.83,Credit Card,False
42,Female,Houston,63123,Home,266.42,PayPal,True
43,Female,San Diego,104961,Clothing,567.33,Debit Card,False
38,Other,Philadelphia,103556,Clothing,563.19,PayPal,True
30,Other,San Diego,79521,Electronics,346.37,Debit Card,False
51,Male,Los Angeles,127907,Electronics,930.21,Debit Card,False
42,Other,New York,119780,Home,750.8,Credit Card,True
46,Other,Chicago,102290,Home,562.44,Credit Card,False
38,Male,Chicago,112267,Clothing,674.66,PayPal,False
43,Other,Dallas,85822,Electronics,359.0,PayPal,True
44,Female,New York,125711,Beauty,848.99,UPI,False
43,Other,San Antonio,94437,Clothing,449.93,UPI,True
46,Other,Houston,79389,Sports,320.4,PayPal,False
49,Other,San Diego,98370,Sports,448.95,PayPal,False
41,Female,New York,95744,Home,492.7,PayPal,False
44,Female,Dallas,95434,Clothing,414.76,PayPal,False
37,Female,New York,40039,Home,139.16,Debit Card,True
41,Male,Phoenix,101205,Home,510.7,Credit Card,False
42,Other,San Jose,88343,Home,406.93,Debit Card,False
36,Male,Phoenix,69810,Clothing,292.43,PayPal,False
40,Other,Houston,67636,Sports,288.65,UPI,False
40,Other,San Antonio,74727,Beauty,271.38,Credit Card,False
39,Female,San Antonio,104540,Sports,534.62,PayPal,True
35,Female,Dallas,73893,Clothing,301.98,PayPal,False
46,Other,Chicago,116852,Clothing,730.06,Debit Card,False
50,Male,Los Angeles,50177,Clothing,167.55,UPI,False
35,Male,Chicago,62324,Sports,244.66,PayPal,True
47,Other,San Antonio,89462,Clothing,421.22,PayPal,False
43,Other,Los Angeles,95388,Clothing,379.88,Debit Card,False
45,Female,San Jose,72968,Clothing,283.16,UPI,True
44,Other,Los Angeles,100276,Clothing,516.36,UPI,False
48,Female,Chicago,91365,Beauty,376.59,UPI,True
33,Male,Phoenix,108447,Electronics,690.82,Credit Card,False
37,Female,New York,83581,Beauty,334.85,PayPal,False
41,Female,Chicago,83915,Beauty,365.53,UPI,False
41,Male,Houston,70014,Beauty,288.22,Credit Card,True
33,Female,Houston,71164,Electronics,256.39,Credit Card,False
34,Male,Houston,82594,Clothing,330.93,UPI,True
45,Female,New York,72394,Beauty,282.43,Credit Card,True
60,Other,Houston,91216,Sports,410.86,PayPal,True
44,Other,Dallas,128948,Electronics,913.6,Credit Card,False
42,Female,Los Angeles,101344,Home,507.11,PayPal,False
43,Other,New York,56547,Beauty,239.26,Credit Card,False
40,Other,Los Angeles,76577,Beauty,349.53,UPI,True
40,Male,Philadelphia,105867,Sports,601.17,Credit Card,True
37,Other,San Jose,60017,Sports,222.21,Credit Card,True
41,Male,Phoenix,87862,Sports,324.42,Debit Card,False
41,Female,Philadelphia,114184,Home,682.64,PayPal,False
45,Female,San Jose,119757,Sports,679.08,UPI,True
29,Male,Dallas,61707,Home,202.78,UPI,False
45,Other,Philadelphia,114558,Home,678.93,Debit Card,False
48,Male,San Jose,147460,Beauty,1235.33,Credit Card,True
36,Female,Dallas,69703,Clothing,288.04,Debit Card,False
46,Female,Phoenix,75467,Beauty,291.76,UPI,False
47,Female,San Jose,120295,Beauty,748.02,PayPal,True
49,Male,San Jose,63351,Electronics,283.15,Debit Card,False
46,Female,Houston,105264,Electronics,551.43,Debit Card,False
43,Female,Dallas,96196,Electronics,446.7,Credit Card,True
49,Female,San Antonio,81812,Beauty,268.35,UPI,True
39,Male,Philadelphia,99427,Beauty,437.51,UPI,False
47,Female,San Antonio,93889,Home,435.87,Debit Card,False
41,Male,San Diego,64831,Electronics,267.27,PayPal,False
48,Other,Houston,69402,Sports,298.95,Debit Card,True
32,Other,Houston,113492,Clothing,681.32,Debit Card,False
44,Male,Chicago,90915,Clothing,371.35,UPI,True
49,Female,San Antonio,62598,Electronics,223.48,Debit Card,True
50,Other,Los Angeles,103017,Sports,580.3,Credit Card,True
44,Other,Philadelphia,89176,Electronics,446.91,Debit Card,False
41,Female,New York,101832,Home,534.31,Debit Card,True
35,Other,Chicago,114245,Sports,709.91,PayPal,False
46,Female,San Diego,86418,Home,373.84,PayPal,False
58,Female,San Diego,109167,Electronics,626.98,PayPal,True
42,Other,Dallas,77020,Beauty,297.73,Credit Card,False
37,Female,San Diego,47050,Electronics,159.86,UPI,False
52,Female,Dallas,80912,Sports,293.76,Debit Card,False
41,Female,Philadelphia,111822,Home,677.91,PayPal,False
46,Female,Los Angeles,73711,Beauty,245.09,Debit Card,False
34,Female,Phoenix,91725,Clothing,412.87,PayPal,True
45,Female,Philadelphia,106845,Electronics,546.82,PayPal,False
46,Other,Chicago,75520,Electronics,310.78,UPI,False
40,Male,Philadelphia,107153,Home,631.58,Credit Card,True
48,Female,San Antonio,94996,Home,489.39,PayPal,True
36,Other,Houston,70113,Home,255.54,PayPal,False
43,Male,Los Angeles,88556,Home,366.01,PayPal,False
44,Male,San Jose,91907,Home,428.52,Credit Card,True
43,Male,San Jose,40228,Sports,79.33,PayPal,True
31,Other,Phoenix,79571,Beauty,317.73,PayPal,True
50,Other,San Diego,103023,Electronics,564.22,Credit Card,False
43,Other,Philadelphia,103791,Clothing,586.99,Debit Card,False
34,Other,San Diego,115127,Beauty,651.14,PayPal,True
34,Other,Los Angeles,41177,Clothing,115.41,Debit Card,False
46,Female,New York,87128,Clothing,311.58,PayPal,True
35,Female,New York,71163,Clothing,274.68,Debit Card,False
36,Male,Chicago,121411,Clothing,753.19,PayPal,True
50,Other,New York,40335,Clothing,147.3,Credit Card,False
42,Male,San Antonio,124823,Clothing,841.96,UPI,False
37,Male,Phoenix,86219,Clothing,354.72,UPI,True
49,Other,San Jose,116486,Home,689.99,Debit Card,True
38,Male,San Antonio,113812,Electronics,678.85,UPI,True
40,Male,New York,84403,Electronics,356.57,UPI,True
36,Female,Houston,107631,Sports,686.15,Credit Card,True
37,Female,Houston,97056,Electronics,465.31,UPI,False
39,Female,San Diego,123416,Sports,966.33,UPI,True
44,Other,Houston,115630,Beauty,770.89,Credit Card,True
46,Other,Phoenix,99580,Clothing,393.79,UPI,False
37,Other,Dallas,111334,Home,725.97,PayPal,False
34,Female,Chicago,77033,Home,286.81,UPI,True
45,Other,Houston,109039,Clothing,648.72,PayPal,True
49,Male,Los Angeles,80081,Sports,377.01,Credit Card,False
44,Female,Dallas,73869,Beauty,281.83,PayPal,True
44,Female,Los Angeles,71462,Sports,282.76,Credit Card,True
38,Male,Dallas,84996,Home,376.24,UPI,True
45,Male,Chicago,60266,Clothing,219.57,Debit Card,False
41,Other,San Jose,90889,Home,413.03,Credit Card,False
26,Female,Los Angeles,84140,Beauty,336.76,Debit Card,False
38,Male,Los Angeles,108670,Clothing,687.57,PayPal,False
49,Female,Los Angeles,118978,Clothing,827.91,Credit Card,True
38,Male,Houston,74691,Beauty,312.25,Credit Card,True
41,Female,San Diego,78634,Beauty,287.12,Credit Card,True
35,Female,Dallas,114034,Sports,728.37,Credit Card,True
48,Male,Los Angeles,126864,Sports,915.31,UPI,True
39,Female,Dallas,70110,Electronics,280.18,PayPal,False
37,Male,New York,115773,Clothing,726.72,PayPal,False
47,Female,Chicago,123905,Home,810.03,PayPal,True
40,Male,Chicago,113380,Beauty,669.18,Credit Card,True
41,Female,Chicago,68118,Clothing,245.85,Credit Card,True
50,Male,San Diego,88604,Electronics,399.83,UPI,True
46,Other,San Diego,125556,Home,897.24,PayPal,False
47,Other,San Diego,101812,Clothing,481.02,PayPal,True
54,Other,Dallas,98939,Sports,522.95,Debit Card,True
38,Other,Philadelphia,79660,Home,305.63,Credit Card,True
50,Male,New York,134318,Electronics,934.96,PayPal,True
38,Female,San Diego,55296,Clothing,186.77,Debit Card,True
45,Female,Philadelphia,38479,Sports,117.34,PayPal,False
51,Female,Houston,59927,Home,223.94,PayPal,False
37,Female,San Diego,112431,Electronics,639.34,UPI,False
43,Other,San Diego,83478,Sports,374.75,Debit Card,True
41,Male,Chicago,65293,Home,224.33,UPI,False
46,Female,New York,111569,Sports,606.57,PayPal,True
46,Other,Phoenix,108025,Clothing,619.15,Credit Card,True
43,Female,Houston,75384,Sports,257.71,PayPal,False
49,Other,San Antonio,95314,Electronics,437.87,PayPal,False
46,Male,Dallas,61113,Beauty,204.39,Credit Card,False
43,Other,San Jose,111126,Electronics,594.23,UPI,True
43,Other,Dallas,100090,Clothing,572.02,UPI,False
39,Other,Houston,82392,Clothing,326.96,UPI,True
46,Male,New York,92504,Sports,365.55,Debit Card,True
41,Female,Philadelphia,101696,Home,534.57,UPI,True
41,Other,Los Angeles,104751,Electronics,474.74,PayPal,True
38,Male,Philadelphia,121142,Electronics,894.21,Debit Card,False
42,Female,Philadelphia,96426,Electronics,507.02,Credit Card,True
31,Other,Phoenix,69423,Electronics,269.46,PayPal,False
35,Female,Philadelphia,87733,Clothing,407.22,UPI,False
34,Female,Philadelphia,52197,Clothing,160.01,UPI,True
41,Male,San Jose,81467,Sports,346.66,UPI,True
40,Male,San Antonio,69043,Beauty,265.97,UPI,True
37,Other,New York,115520,Beauty,802.66,Credit Card,False
30,Female,San Diego,79451,Clothing,257.34,Credit Card,True
43,Other,Chicago,98445,Clothing,501.9,Debit Card,True
42,Female,New York,97192,Beauty,448.43,Credit Card,True
35,Female,Phoenix,78197,Home,275.38,PayPal,False
33,Male,Houston,55928,Clothing,202.43,Debit Card,True
52,Female,New York,103899,Clothing,520.35,UPI,True
43,Other,New York,39956,Beauty,134.52,UPI,True
35,Male,Phoenix,106735,Electronics,525.65,UPI,False
46,Other,San Jose,70852,Beauty,281.51,PayPal,False
43,Male,San Jose,89379,Electronics,373.34,UPI,False
43,Male,San Jose,80510,Home,338.87,Debit Card,False
35,Female,New York,22193,Electronics,16.11,Credit Card,True
40,Male,Chicago,68546,Home,249.59,Debit Card,True
37,Other,San Diego,78201,Home,320.22,Debit Card,True
53,Female,Los Angeles,100278,Electronics,429.56,PayPal,False
46,Male,Chicago,83695,Electronics,351.24,Credit Card,False
46,Other,New York,82454,Clothing,365.19,Debit Card,False
47,Female,San Antonio,99063,Sports,572.39,Debit Card,False
43,Other,New York,111849,Beauty,636.22,Debit Card,True
39,Male,Phoenix,68298,Electronics,230.2,PayPal,True
39,Female,Chicago,83073,Sports,346.11,PayPal,False
37,Other,San Jose,114508,Sports,598.56,PayPal,False
45,Female,Chicago,113490,Sports,605.93,Credit Card,True
40,Other,Philadelphia,90397,Home,435.82,UPI,False
39,Male,Houston,79081,Sports,339.78,Debit Card,True
44,Male,Phoenix,81974,Sports,326.55,PayPal,False
38,Male,Chicago,135848,Electronics,958.13,Credit Card,True
37,Female,Philadelphia,44761,Sports,145.24,PayPal,False
35,Other,New York,117647,Home,699.48,PayPal,True
45,Other,San Diego,109130,Electronics,602.16,PayPal,True
48,Other,Los Angeles,67495,Electronics,256.02,UPI,False
47,Female,Dallas,97034,Sports,468.66,Credit Card,False
46,Female,New York,98363,Clothing,452.73,Credit Card,False
36,Other,Philadelphia,76053,Beauty,287.11,Debit Card,False
38,Female,San Diego,106484,Electronics,623.97,PayPal,True
43,Male,Dallas,99979,Home,577.65,PayPal,True
37,Male,Houston,89382,Home,367.61,Debit Card,False
36,Female,Houston,104056,Sports,572.51,Debit Card,False
53,Female,Los Angeles,66408,Home,259.62,Credit Card,True
39,Female,Dallas,94845,Beauty,459.33,Debit Card,True
40,Other,New York,109009,Electronics,684.5,PayPal,False
45,Female,Chicago,92013,Sports,378.31,UPI,False
35,Female,Chicago,74870,Electronics,319.33,Credit Card,True
46,Male,San Diego,114959,Beauty,631.76,Debit Card,True
47,Other,Philadelphia,76502,Home,298.75,Credit Card,False
43,Other,Dallas,70750,Home,284.58,PayPal,False
48,Male,Philadelphia,127847,Clothing,946.02,Credit Card,True
46,Other,Los Angeles,62031,Electronics,256.73,Credit Card,False
41,Female,Dallas,123267,Home,787.85,UPI,True
40,Male,Houston,109519,Beauty,608.35,PayPal,False
47,Male,Los Angeles,77992,Sports,249.96,PayPal,False
33,Male,Philadelphia,83393,Electronics,344.14,UPI,True
31,Male,Philadelphia,93438,Beauty,442.85,Credit Card,False
41,Female,Philadelphia,117189,Clothing,760.02,Credit Card,False
42,Other,Phoenix,94015,Electronics,395.93,Debit Card,False
39,Male,New York,118896,Electronics,715.15,Debit Card,True
43,Other,New York,96111,Clothing,456.65,Debit Card,True
37,Male,New York,97417,Sports,417.68,Debit Card,True
41,Other,San Jose,66240,Home,199.99,Credit Card,True
40,Female,Houston,86290,Home,375.0,Credit Card,False
44,Female,San Diego,103766,Sports,521.07,Credit Card,True
47,Male,Chicago,51031,Clothing,168.37,Debit Card,False
43,Female,San Antonio,87263,Electronics,340.9,UPI,False
46,Male,Los Angeles,75277,Clothing,304.12,Credit Card,True
46,Female,Dallas,107419,Electronics,599.23,Credit Card,False
44,Male,Los Angeles,109969,Home,688.79,Credit Card,True
33,Other,Los Angeles,70169,Home,326.84,Credit Card,True
40,Other,New York,93570,Home,419.93,Debit Card,True
41,Other,Los Angeles,76986,Sports,286.68,PayPal,True
40,Female,Dallas,100203,Home,539.31,Credit Card,True
50,Female,San Diego,57849,Clothing,169.04,Debit Card,False
31,Female,Chicago,92305,Electronics,427.39,Credit Card,False
48,Other,Dallas,91995,Electronics,376.56,PayPal,True
50,Male,Chicago,95839,Sports,497.76,Debit Card,False
41,Male,Phoenix,90718,Home,410.15,Credit Card,False
40,Other,San Antonio,86504,Electronics,351.45,PayPal,False
48,Male,Dallas,82502,Sports,362.26,Debit Card,True
40,Female,Los Angeles,52615,Clothing,209.66,Credit Card,False
40,Male,Los Angeles,116804,Beauty,733.36,Debit Card,True
46,Other,Dallas,99816,Beauty,452.78,Credit Card,True
47,Female,Chicago,107672,Electronics,650.91,Credit Card,True
47,Other,Dallas,67978,Electronics,285.28,UPI,True
39,Male,San Antonio,122352,Beauty,812.58,UPI,True
31,Male,Dallas,48574,Home,134.18,UPI,False
40,Male,Dallas,112606,Electronics,655.31,Debit Card,False
47,Other,Dallas,104129,Electronics,572.13,Debit Card,False
45,Other,Phoenix,96692,Electronics,485.87,PayPal,True
39,Female,San Diego,93220,Electronics,428.86,UPI,True
50,Male,Los Angeles,88010,Sports,393.65,Debit Card,False
41,Male,San Antonio,93039,Home,339.35,Credit Card,True
34,Male,San Jose,72709,Electronics,325.46,Debit Card,False
43,Female,Los Angeles,84384,Electronics,364.26,PayPal,True
46,Other,Philadelphia,130126,Clothing,895.83,UPI,True
42,Male,Dallas,70573,Clothing,272.31,Credit Card,True
42,Other,Houston,73858,Sports,285.19,PayPal,False
49,Male,San Diego,116216,Clothing,635.96,UPI,False
38,Other,Dallas,47469,Beauty,151.67,Credit Card,False
42,Other,San Jose,88467,Sports,465.28,Credit Card,True
42,Male,New York,71330,Beauty,279.25,Debit Card,True
41,Male,Los Angeles,74585,Beauty,324.11,Debit Card,True
40,Male,Dallas,105612,Beauty,552.81,Credit Card,True
41,Male,Philadelphia,110838,Sports,647.55,UPI,False
48,Female,New York,71636,Electronics,257.33,PayPal,True
47,Female,San Jose,109110,Beauty,611.59,PayPal,False
45,Other,Phoenix,98084,Electronics,393.44,Debit Card,True
41,Other,Philadelphia,113022,Beauty,762.59,Credit Card,True
48,Male,San Jose,107099,Sports,555.41,Debit Card,True
33,Other,San Antonio,67884,Electronics,274.38,UPI,False
36,Male,Philadelphia,79915,Electronics,356.96,PayPal,True
45,Other,San Diego,76852,Home,309.26,PayPal,True
54,Other,San Jose,137097,Sports,940.82,PayPal,False
44,Female,Phoenix,128878,Clothing,1007.22,PayPal,True
32,Other,San Jose,71637,Clothing,252.29,Debit Card,True
43,Male,Los Angeles,110191,Home,749.38,UPI,True
39,Male,San Jose,91088,Clothing,386.02,PayPal,False
42,Female,Dallas,111555,Clothing,708.65,UPI,False
41,Female,Los Angeles,86019,Electronics,345.92,PayPal,False
44,Male,San Diego,128572,Electronics,840.3,Credit Card,False
42,Female,Los Angeles,87280,Sports,365.61,PayPal,False
49,Female,San Antonio,83831,Home,319.42,UPI,False
42,Other,San Diego,58225,Sports,231.36,Credit Card,False
31,Female,San Antonio,76701,Beauty,309.56,Credit Card,False
46,Female,Los Angeles,93314,Electronics,399.2,UPI,False
49,Male,Houston,107643,Sports,583.21,Credit Card,True
32,Other,San Diego,60431,Beauty,197.13,Credit Card,True
51,Female,New York,95525,Sports,356.67,PayPal,False
46,Other,San Diego,106068,Beauty,555.14,PayPal,True
46,Other,New York,107282,Electronics,581.86,PayPal,False
35,Other,Philadelphia,80226,Sports,318.5,UPI,False
42,Other,San Jose,58677,Sports,202.42,PayPal,False
43,Other,Houston,128886,Clothing,913.28,PayPal,True
49,Other,San Diego,115412,Sports,728.69,PayPal,False
43,Other,Dallas,82091,Sports,376.93,Debit Card,True
51,Male,Houston,84885,Sports,337.08,PayPal,True
49,Male,San Antonio,90527,Clothing,376.49,UPI,False
43,Other,Houston,42195,Home,142.88,UPI,True
47,Female,San Jose,52583,Clothing,162.28,Debit Card,True
41,Female,San Jose,78130,Beauty,274.17,Debit Card,False
45,Male,Philadelphia,122323,Beauty,892.56,UPI,True
41,Female,Houston,94325,Beauty,366.63,Credit Card,False
41,Other,Dallas,106029,Electronics,683.74,Debit Card,False
49,Other,New York,103199,Home,565.33,Credit Card,True
49,Other,Phoenix,93593,Electronics,375.14,UPI,False
37,Female,Philadelphia,100191,Beauty,418.38,PayPal,True
41,Female,New York,130392,Sports,944.41,PayPal,True
49,Other,Los Angeles,85084,Beauty,384.75,Debit Card,False
40,Other,San Diego,89275,Electronics,364.02,Credit Card,True
48,Male,San Diego,111148,Clothing,724.64,PayPal,True
33,Female,San Diego,75234,Beauty,307.96,PayPal,True
38,Male,Dallas,59470,Clothing,236.69,Debit Card,False
51,Male,San Antonio,107491,Electronics,527.4,Debit Card,False
50,Male,Chicago,74645,Sports,297.98,Credit Card,True
39,Female,Los Angeles,91176,Beauty,426.04,Credit Card,True
48,Male,Los Angeles,135802,Beauty,1121.76,Credit Card,False
45,Male,San Jose,106287,Sports,669.34,UPI,True
45,Female,Los Angeles,60968,Clothing,213.0,Debit Card,False
42,Male,San Jose,112088,Home,630.27,Credit Card,False
46,Other,San Antonio,112716,Electronics,819.03,Debit Card,True
39,Other,Phoenix,131809,Clothing,1075.38,UPI,True
49,Male,New York,105894,Sports,565.38,UPI,False
40,Female,San Jose,92870,Clothing,476.38,PayPal,False
44,Other,San Jose,120392,Sports,757.6,Credit Card,True
48,Female,San Antonio,92767,Clothing,384.02,PayPal,True
33,Other,Phoenix,39770,Home,101.44,UPI,True
41,Male,San Diego,69668,Home,238.82,Debit Card,True
42,Other,Phoenix,78357,Clothing,308.65,UPI,True
50,Male,New York,83879,Beauty,332.13,PayPal,True
38,Other,Chicago,71197,Clothing,333.15,Debit Card,False
46,Male,Philadelphia,81729,Home,310.49,PayPal,False
41,Male,San Jose,80205,Clothing,301.02,UPI,True
41,Other,San Diego,63377,Electronics,230.78,Credit Card,True
40,Other,Los Angeles,77250,Home,314.95,Credit Card,True
32,Female,San Antonio,88825,Beauty,367.87,Credit Card,True
34,Female,Chicago,77677,Clothing,291.74,PayPal,True
42,Other,San Antonio,91448,Sports,379.48,Credit Card,False
52,Other,San Antonio,80930,Home,273.91,UPI,True
30,Other,Philadelphia,80032,Home,305.88,Credit Card,False
43,Male,San Jose,128530,Sports,920.11,Credit Card,True
41,Male,Phoenix,111450,Beauty,736.24,Debit Card,True
48,Female,Houston,67760,Electronics,220.88,Credit Card,False
39,Male,San Jose,107920,Home,612.18,Credit Card,True
43,Male,San Jose,123788,Clothing,805.17,UPI,True
43,Female,Los Angeles,116333,Home,736.87,PayPal,True
42,Male,San Diego,80855,Clothing,337.25,UPI,True
50,Male,Houston,96361,Beauty,438.3,UPI,True
40,Female,New York,76668,Clothing,302.62,Debit Card,False
46,Male,Los Angeles,52502,Sports,184.65,Debit Card,False
30,Female,Chicago,82497,Clothing,289.72,PayPal,True
52,Other,Phoenix,101219,Electronics,561.16,UPI,False
43,Female,San Antonio,80386,Sports,297.47,Credit Card,True
53,Female,San Jose,120878,Home,790.46,Debit Card,False
50,Male,New York,134162,Home,1044.95,PayPal,True
39,Female,Phoenix,76927,Clothing,289.37,Debit Card,False
36,Other,San Jose,56214,Clothing,223.39,Debit Card,True
42,Other,San Antonio,91516,Electronics,409.7,UPI,False
33,Other,Phoenix,107825,Home,607.89,Debit Card,True
51,Male,San Diego,81335,Clothing,286.13,PayPal,True
33,Female,New York,103310,Sports,560.87,PayPal,False
41,Male,Los Angeles,104590,Clothing,577.88,UPI,False
46,Male,Dallas,132549,Home,1004.49,Credit Card,False
40,Male,Los Angeles,116798,Clothing,751.35,Credit Card,True
38,Other,Chicago,114217,Clothing,657.22,Debit Card,False
40,Male,Chicago,128457,Sports,896.97,PayPal,True
31,Female,Phoenix,115815,Clothing,702.25,UPI,False
49,Other,San Antonio,75309,Electronics,314.99,PayPal,True
45,Male,Phoenix,96921,Electronics,584.41,UPI,True
43,Male,San Antonio,57465,Sports,203.04,Debit Card,True
32,Male,Dallas,72232,Sports,275.48,Credit Card,False
39,Male,San Jose,124010,Clothing,851.07,Debit Card,False
48,Male,Chicago,46322,Sports,105.78,PayPal,False
47,Other,Phoenix,55795,Clothing,181.62,Credit Card,False
45,Male,New York,92974,Electronics,447.68,PayPal,True
37,Other,Dallas,95655,Sports,431.82,PayPal,True
44,Female,Los Angeles,138102,Electronics,1070.16,Credit Card,True
38,Female,New York,84550,Home,404.05,UPI,True
39,Male,San Jose,108730,Electronics,671.39,PayPal,False
48,Female,New York,75971,Sports,293.85,PayPal,True
44,Female,Dallas,65080,Sports,229.8,UPI,True
30,Female,San Jose,86373,Clothing,371.11,Debit Card,False
44,Other,San Antonio,121616,Home,832.45,PayPal,True
49,Female,Los Angeles,109124,Home,584.08,Credit Card,False
33,Male,San Antonio,105304,Clothing,574.97,PayPal,False
45,Male,San Diego,93022,Clothing,405.75,PayPal,False
38,Other,Dallas,68181,Sports,257.75,PayPal,False
38,Female,Dallas,98884,Home,474.83,UPI,False
47,Female,Chicago,97781,Electronics,463.25,PayPal,False
40,Other,New York,108920,Home,669.11,Debit Card,True
44,Other,Chicago,56924,Beauty,205.54,Debit Card,False
42,Other,San Diego,63191,Electronics,254.75,UPI,True
36,Male,San Diego,135939,Electronics,1115.98,UPI,True
50,Other,Chicago,97414,Electronics,462.87,Debit Card,False
44,Female,San Jose,125056,Clothing,886.0,Debit Card,False
50,Male,Los Angeles,107386,Electronics,595.71,Credit Card,True
39,Male,San Jose,87399,Clothing,394.53,Credit Card,True
41,Male,New York,96423,Electronics,513.9,PayPal,True
46,Female,New York,73079,Electronics,366.19,PayPal,True
41,Female,Los Angeles,105574,Electronics,563.09,Credit Card,True
42,Female,Los Angeles,94257,Home,456.77,PayPal,True
41,Female,Philadelphia,64253,Sports,192.85,PayPal,False
45,Male,Chicago,106763,Beauty,655.25,UPI,True
45,Male,Philadelphia,96182,Home,416.49,Credit Card,False
34,Other,San Antonio,116229,Home,718.56,UPI,False
42,Other,Houston,79610,Clothing,273.47,UPI,True
49,Male,Los Angeles,115190,Clothing,696.42,PayPal,False
49,Other,Chicago,100723,Electronics,411.96,Debit Card,False
37,Male,Philadelphia,67306,Electronics,240.02,PayPal,False
42,Other,Phoenix,114595,Electronics,803.32,Debit Card,True
35,Male,Phoenix,120798,Electronics,818.16,Credit Card,True
44,Male,San Antonio,79428,Beauty,314.15,UPI,False
43,Female,Phoenix,102457,Home,523.48,UPI,False
45,Male,San Jose,75304,Clothing,328.26,Debit Card,False
41,Male,Chicago,106372,Home,606.36,PayPal,True
29,Other,New York,63167,Beauty,197.47,Debit Card,True
35,Male,San Antonio,104570,Home,568.43,PayPal,False
48,Male,New York,121431,Electronics,794.22,Credit Card,True
45,Male,San Diego,118599,Home,816.74,UPI,False
43,Male,San Jose,104866,Clothing,565.79,UPI,False
54,Female,Houston,67556,Home,224.65,Debit Card,False
39,Male,Phoenix,87077,Home,390.39,Credit Card,True
30,Female,Houston,93167,Beauty,374.46,UPI,False
44,Male,Los Angeles,88561,Home,373.37,UPI,True
40,Other,San Diego,64321,Beauty,194.78,UPI,False
46,Male,Philadelphia,106382,Home,532.39,Credit Card,False
47,Female,Los Angeles,60348,Electronics,265.88,Debit Card,False
43,Female,San Jose,70959,Beauty,272.17,PayPal,True
35,Male,Dallas,103651,Clothing,498.94,PayPal,True
39,Female,San Antonio,103597,Clothing,574.01,UPI,False
42,Male,San Diego,46106,Clothing,163.45,PayPal,True
47,Other,Dallas,93487,Clothing,480.8,PayPal,True
43,Other,San Diego,86570,Electronics,345.57,Credit Card,True
50,Female,Philadelphia,121593,Clothing,833.15,UPI,True
37,Female,New York,83144,Sports,336.4,UPI,True
40,Female,San Diego,85857,Clothing,346.12,PayPal,False
42,Female,San Antonio,114831,Sports,702.4,Credit Card,False
39,Female,San Antonio,130104,Beauty,887.96,UPI,False
32,Other,Houston,80938,Beauty,332.23,Credit Card,True
50,Other,Chicago,129543,Home,941.97,PayPal,True
47,Other,San Jose,114113,Electronics,608.65,Credit Card,False
46,Other,Houston,82929,Home,329.99,Credit Card,True
33,Male,Philadelphia,51189,Clothing,184.4,PayPal,True
38,Female,San Antonio,134535,Clothing,1095.71,Credit Card,False
45,Other,San Jose,71585,Sports,251.24,Debit Card,False
46,Male,New York,108207,Home,578.28,UPI,True
48,Female,Dallas,104573,Clothing,524.58,Credit Card,False
39,Other,San Diego,40739,Beauty,167.74,PayPal,True
44,Other,San Antonio,78968,Home,329.27,UPI,True
53,Other,Phoenix,103663,Clothing,557.56,PayPal,False
42,Other,New York,62498,Home,257.31,PayPal,False
33,Female,Houston,81996,Electronics,321.33,UPI,False
48,Female,San Antonio,43399,Sports,116.88,Debit Card,False
34,Other,Houston,69384,Clothing,297.03,UPI,False
40,Other,San Diego,71642,Sports,257.99,Debit Card,True
45,Female,San Jose,125132,Sports,916.02,PayPal,True
50,Male,Houston,121577,Beauty,801.63,PayPal,True
49,Male,Philadelphia,68657,Home,223.64,Credit Card,True
40,Male,New York,55174,Beauty,228.12,Credit Card,True
47,Female,San Jose,96326,Clothing,531.67,PayPal,True
32,Male,Phoenix,114485,Beauty,711.91,Credit Card,True
55,Male,San Jose,96004,Sports,466.57,UPI,True
50,Female,San Diego,116226,Beauty,711.86,PayPal,False
46,Male,New York,92344,Clothing,338.06,UPI,True
41,Female,San Diego,120832,Electronics,719.05,Debit Card,True
34,Male,San Jose,110559,Beauty,641.81,Credit Card,False
42,Other,Phoenix,99848,Sports,504.43,PayPal,True
44,Male,San Antonio,117288,Home,785.32,UPI,False
48,Male,New York,64127,Home,288.95,Debit Card,False
42,Other,Chicago,108546,Beauty,696.5,Debit Card,True
44,Male,Philadelphia,70597,Clothing,294.38,Credit Card,True
47,Other,San Diego,80244,Home,330.18,Credit Card,True
45,Other,New York,136262,Sports,1038.72,Debit Card,True
32,Female,Los Angeles,48011,Home,159.98,PayPal,False
43,Other,Chicago,81158,Beauty,428.83,Credit Card,False
41,Female,San Antonio,67470,Electronics,285.72,Credit Card,False
42,Female,San Jose,122449,Home,761.15,PayPal,False
53,Male,Los Angeles,72771,Electronics,301.0,PayPal,False
47,Female,Los Angeles,64632,Clothing,222.82,Debit Card,False
44,Female,New York,88235,Electronics,402.4,Debit Card,True
47,Female,Los Angeles,88239,Home,404.14,UPI,True
47,Male,Houston,120847,Beauty,727.64,Debit Card,False
50,Other,Dallas,109267,Home,596.11,Credit Card,True
36,Male,Dallas,80208,Electronics,332.81,Debit Card,False
50,Other,San Jose,104673,Beauty,638.41,PayPal,False
41,Female,Dallas,94295,Beauty,462.71,Credit Card,False
45,Male,Dallas,84476,Sports,384.95,Credit Card,True
40,Other,Dallas,74762,Beauty,259.74,Credit Card,True
44,Other,San Diego,67158,Clothing,275.23,UPI,True
35,Male,Philadelphia,61309,Electronics,228.07,UPI,False
37,Male,Chicago,105038,Sports,647.99,PayPal,True
40,Male,Houston,115524,Sports,679.68,UPI,False
41,Male,Philadelphia,109150,Clothing,575.84,Debit Card,False
40,Other,Houston,77697,Clothing,296.54,Debit Card,False
48,Male,Houston,94828,Electronics,462.76,PayPal,True
50,Female,Houston,116662,Clothing,711.44,UPI,True
38,Female,Los Angeles,86931,Beauty,318.98,PayPal,True
45,Other,Los Angeles,94601,Clothing,481.55,UPI,True
41,Other,New York,83063,Home,381.73,Credit Card,False
49,Other,New York,96983,Electronics,492.82,PayPal,True
51,Female,Philadelphia,81874,Electronics,351.14,UPI,False
43,Male,New York,131709,Beauty,995.04,UPI,False
39,Male,San Antonio,85518,Beauty,306.73,Debit Card,True
49,Male,Dallas,75361,Electronics,273.84,PayPal,True
42,Female,Houston,82688,Clothing,362.31,Debit Card,True
44,Male,Houston,139347,Beauty,1057.49,PayPal,True
41,Other,Houston,73780,Home,303.47,PayPal,False
38,Other,Chicago,106292,Home,533.26,UPI,False
55,Male,San Antonio,138523,Sports,1059.04,UPI,False
44,Male,San Diego,94811,Electronics,450.23,Credit Card,True
32,Female,San Antonio,115859,Clothing,812.77,UPI,False
38,Other,San Jose,86673,Home,393.95,PayPal,True
45,Female,New York,86542,Home,363.79,PayPal,False
29,Female,Phoenix,82382,Electronics,328.18,UPI,True
44,Male,New York,91427,Sports,459.06,Debit Card,False
33,Male,Houston,95700,Home,460.05,Credit Card,False
31,Other,San Jose,76472,Clothing,309.43,PayPal,True
42,Other,San Antonio,93164,Electronics,406.98,Credit Card,False
43,Female,Philadelphia,122127,Sports,832.74,Debit Card,False
49,Female,Dallas,121556,Electronics,800.8,Debit Card,True
42,Female,Dallas,135060,Home,1067.39,PayPal,True
42,Other,San Antonio,86100,Clothing,345.77,Credit Card,True
40,Male,Philadelphia,97758,Electronics,476.98,Credit Card,False
35,Male,Los Angeles,78068,Beauty,295.73,Credit Card,False
38,Male,San Jose,74442,Beauty,324.44,PayPal,True
37,Female,Houston,82201,Clothing,383.18,Debit Card,True
45,Female,Houston,66092,Home,278.95,UPI,True
46,Female,Phoenix,78474,Electronics,277.87,UPI,True
43,Female,San Diego,77898,Sports,338.45,Debit Card,True
38,Female,Los Angeles,87941,Beauty,303.36,Credit Card,False
33,Other,San Diego,91884,Electronics,381.2,UPI,False
44,Female,Philadelphia,71090,Beauty,298.18,PayPal,False
45,Male,San Jose,102844,Home,586.87,PayPal,False
44,Other,Dallas,116856,Home,780.94,UPI,True
43,Female,San Jose,119070,Clothing,798.19,UPI,False
39,Female,San Diego,115959,Home,702.38,PayPal,True
41,Male,Houston,67714,Beauty,223.79,UPI,True
39,Female,Phoenix,83701,Beauty,318.2,UPI,True
48,Other,New York,73709,Clothing,260.77,Debit Card,True
35,Female,San Diego,74183,Beauty,239.47,PayPal,False
42,Other,Los Angeles,74742,Clothing,283.0,UPI,False
42,Female,Phoenix,102277,Home,514.07,UPI,True
42,Male,Chicago,112602,Electronics,759.13,PayPal,False
44,Other,Houston,122015,Sports,724.38,Debit Card,False
41,Female,Los Angeles,57443,Home,185.87,Debit Card,False
45,Other,San Diego,98695,Home,515.95,Debit Card,True
48,Female,New York,94440,Clothing,429.16,Credit Card,True
39,Male,Dallas,76063,Home,294.9,Debit Card,False
39,Other,New York,87217,Beauty,361.47,Credit Card,True
40,Female,New York,72576,Electronics,263.15,Credit Card,False
44,Male,Los Angeles,111318,Beauty,609.88,Debit Card,False
40,Other,Houston,118211,Sports,747.52,UPI,True
40,Male,San Jose,107316,Electronics,586.88,PayPal,True
42,Other,San Jose,75888,Sports,277.11,Credit Card,True
53,Female,New York,123492,Home,853.14,Credit Card,False
45,Female,San Antonio,72644,Clothing,268.23,PayPal,False
41,Male,Dallas,80879,Clothing,313.49,UPI,True
40,Male,San Jose,103432,Beauty,512.49,Credit Card,True
39,Female,Chicago,68636,Home,230.97,Debit Card,False
40,Male,Philadelphia,86298,Beauty,353.42,Credit Card,False
33,Female,Philadelphia,98479,Electronics,465.57,Credit Card,True
41,Other,Dallas,102612,Beauty,557.42,Debit Card,True
46,Female,Philadelphia,67555,Home,277.62,Debit Card,False
41,Male,Dallas,77992,Beauty,301.61,PayPal,False
36,Other,Philadelphia,94249,Clothing,442.54,PayPal,True
37,Male,Houston,105842,Beauty,582.59,PayPal,True
36,Other,Chicago,63019,Home,221.12,UPI,False
44,Male,Philadelphia,97460,Electronics,467.97,Credit Card,False
32,Other,San Jose,91382,Clothing,399.61,PayPal,False
47,Other,San Jose,109991,Clothing,724.82,PayPal,False
44,Male,Dallas,68813,Clothing,233.28,PayPal,False
36,Other,Los Angeles,87069,Beauty,331.63,UPI,False
39,Female,San Antonio,86186,Home,338.37,Credit Card,False
38,Other,San Diego,96436,Clothing,489.38,Credit Card,True
45,Male,Philadelphia,90845,Sports,461.46,PayPal,False
47,Female,Los Angeles,95308,Clothing,404.38,PayPal,True
46,Other,San Jose,82764,Electronics,359.69,PayPal,True
40,Male,San Diego,99082,Electronics,453.33,UPI,True
40,Male,Los Angeles,76587,Clothing,316.8,Credit Card,True
34,Male,Houston,112217,Sports,651.51,PayPal,False
42,Female,San Antonio,111725,Sports,665.99,UPI,False
38,Male,San Diego,64901,Beauty,231.5,PayPal,True
45,Other,Chicago,69350,Clothing,284.92,Debit Card,False
42,Other,San Diego,126375,Sports,834.1,UPI,False
42,Other,San Jose,72846,Beauty,315.76,Debit Card,False
39,Male,Philadelphia,76123,Clothing,350.99,Debit Card,False
41,Other,Philadelphia,135179,Clothing,1116.4,Credit Card,False
41,Other,Dallas,102579,Electronics,562.85,UPI,False
36,Male,San Jose,82457,Electronics,438.05,PayPal,True
44,Male,Los Angeles,114671,Beauty,697.95,Debit Card,False
46,Other,Phoenix,88346,Clothing,368.54,PayPal,True
38,Other,Houston,119495,Electronics,751.4,PayPal,False
48,Male,Los Angeles,80070,Sports,317.83,Credit Card,False
47,Other,Los Angeles,62405,Clothing,197.15,Credit Card,True
44,Female,Phoenix,123711,Sports,900.04,Debit Card,False
43,Male,Phoenix,102570,Home,483.06,PayPal,False
47,Female,San Antonio,80093,Clothing,249.24,Credit Card,True
52,Male,San Antonio,79707,Clothing,369.21,UPI,True
39,Male,Phoenix,90654,Beauty,350.63,PayPal,False
49,Other,Phoenix,78778,Sports,299.85,PayPal,True
46,Male,Dallas,118178,Clothing,810.23,Debit Card,False
34,Male,Philadelphia,60174,Beauty,237.23,UPI,True
45,Female,San Antonio,80956,Electronics,363.77,Debit Card,True
36,Female,New York,100482,Home,565.83,UPI,False
44,Female,San Jose,100391,Beauty,480.85,Credit Card,False
44,Male,Chicago,86036,Electronics,365.15,UPI,True
33,Female,Dallas,73405,Clothing,259.37,UPI,True
41,Other,San Antonio,85221,Home,396.4,UPI,False
35,Other,San Jose,70178,Beauty,270.54,Debit Card,False
46,Female,San Jose,96779,Sports,484.52,Debit Card,True
42,Other,Chicago,91334,Beauty,465.84,PayPal,False
40,Male,Philadelphia,118251,Sports,773.12,PayPal,False
47,Other,Philadelphia,114241,Clothing,736.0,UPI,True
40,Female,San Jose,94816,Clothing,506.67,UPI,False
43,Female,San Diego,90488,Beauty,383.02,Debit Card,False
46,Other,Houston,136675,Electronics,1059.32,PayPal,True
53,Male,San Antonio,114453,Beauty,608.52,Debit Card,False
39,Male,Dallas,89273,Clothing,395.4,UPI,True
50,Female,San Jose,85628,Home,343.28,Debit Card,False
45,Male,Dallas,127378,Clothing,916.77,Credit Card,False
37,Male,San Jose,99277,Beauty,450.72,UPI,False
30,Female,Phoenix,51988,Beauty,143.19,Credit Card,False
41,Male,San Jose,101853,Sports,532.17,UPI,True
44,Other,San Jose,133436,Beauty,1061.91,UPI,True
48,Other,Chicago,67663,Home,282.9,Debit Card,True
34,Other,San Antonio,64761,Home,242.71,UPI,False
48,Male,San Jose,94546,Home,432.32,Debit Card,False
31,Male,Houston,74569,Beauty,275.8,PayPal,True
39,Female,San Diego,115760,Clothing,753.68,UPI,False
37,Male,San Diego,101355,Electronics,515.01,Credit Card,True
40,Other,New York,84416,Home,360.54,PayPal,False
33,Female,New York,81366,Electronics,363.09,Debit Card,False
42,Other,Philadelphia,76779,Home,279.99,Credit Card,False
39,Male,New York,110293,Clothing,690.93,UPI,False
42,Male,San Jose,83860,Clothing,274.29,UPI,True
29,Female,San Diego,70105,Beauty,240.12,Credit Card,False
48,Other,Dallas,110508,Sports,694.36,UPI,False
48,Male,Chicago,86194,Home,338.09,Debit Card,True
45,Other,Phoenix,83836,Electronics,350.92,Debit Card,False
43,Female,Philadelphia,83865,Home,334.78,PayPal,False
44,Female,Philadelphia,65885,Sports,247.3,UPI,False
51,Male,San Antonio,78687,Home,336.16,UPI,False
46,Other,San Antonio,87545,Electronics,327.57,PayPal,True
49,Female,Phoenix,73840,Home,227.03,Credit Card,False
38,Male,San Diego,71752,Home,245.06,UPI,False
37,Female,San Diego,93879,Electronics,466.32,Credit Card,False
42,Female,Philadelphia,73977,Home,281.46,UPI,False
45,Male,Chicago,120969,Beauty,786.3,UPI,True
39,Female,Chicago,83546,Beauty,305.44,UPI,False
44,Other,Dallas,67831,Electronics,286.89,PayPal,True
40,Male,San Antonio,105348,Home,580.29,PayPal,False
50,Other,San Antonio,83003,Beauty,342.45,UPI,False
39,Other,Chicago,65724,Sports,229.48,PayPal,False
51,Other,Houston,96483,Electronics,512.6,Debit Card,True
48,Male,San Antonio,138646,Home,1093.04,Credit Card,False
36,Male,San Jose,85204,Sports,341.79,Credit Card,False
46,Female,Chicago,55995,Sports,247.79,UPI,False
38,Other,San Jose,64696,Electronics,237.15,UPI,False
44,Male,San Jose,86346,Electronics,324.61,PayPal,True
46,Male,San Antonio,101318,Electronics,516.82,PayPal,False
27,Male,San Jose,72223,Home,269.96,UPI,True
38,Male,Dallas,112820,Beauty,663.87,Credit Card,False
43,Female,San Jose,59042,Home,238.83,Debit Card,False
39,Female,New York,73217,Sports,270.1,Debit Card,True
38,Female,Dallas,56680,Home,195.54,UPI,False
25,Other,San Diego,68327,Home,255.37,UPI,False
44,Female,San Antonio,96099,Beauty,503.83,UPI,False
52,Female,Philadelphia,122084,Clothing,799.6,UPI,False
43,Female,Los Angeles,98266,Clothing,534.31,Credit Card,False
53,Male,Dallas,120842,Home,820.45,PayPal,False
47,Female,San Antonio,92564,Electronics,458.41,Debit Card,True
50,Female,Phoenix,86250,Clothing,354.9,Debit Card,True
46,Female,Dallas,118616,Beauty,728.47,PayPal,True
31,Male,San Jose,51793,Home,174.05,Credit Card,False
48,Other,Philadelphia,91026,Beauty,403.23,UPI,False
41,Other,San Diego,76243,Sports,281.39,Credit Card,True
26,Other,Philadelphia,77613,Beauty,275.82,PayPal,False
37,Male,San Diego,85960,Beauty,381.33,Credit Card,False
39,Male,Chicago,97395,Clothing,460.64,Credit Card,False
38,Other,Philadelphia,54696,Clothing,170.11,Debit Card,True
36,Female,Dallas,121905,Electronics,857.51,Credit Card,True
48,Female,Chicago,87181,Sports,335.03,Debit Card,False
34,Other,Chicago,71078,Beauty,274.24,PayPal,False
39,Other,San Jose,112281,Electronics,656.1,PayPal,False
46,Female,Philadelphia,115695,Sports,733.28,Credit Card,False
37,Female,San Diego,80296,Beauty,322.61,UPI,True
48,Female,San Jose,90861,Clothing,435.49,UPI,True
39,Male,Los Angeles,101051,Sports,539.57,UPI,True
44,Female,San Jose,130964,Clothing,959.51,Credit Card,False
52,Male,Houston,134367,Sports,1019.51,PayPal,False
43,Other,Philadelphia,87394,Beauty,384.92,PayPal,False
31,Male,Dallas,87175,Electronics,373.38,Credit Card,True
45,Male,Chicago,99240,Home,526.44,Credit Card,False
48,Other,San Diego,104372,Sports,588.34,PayPal,True
43,Other,Houston,80226,Electronics,351.13,PayPal,True
47,Female,New York,98957,Electronics,497.15,PayPal,True
42,Female,Houston,90705,Beauty,479.46,Credit Card,False
43,Male,Chicago,46741,Electronics,155.82,UPI,True
37,Other,New York,72553,Home,276.49,UPI,False
43,Male,Philadelphia,108221,Home,578.44,Credit Card,True
32,Other,Dallas,85267,Clothing,414.18,PayPal,True
49,Male,Houston,144841,Clothing,1221.05,Credit Card,True
44,Other,New York,104906,Beauty,609.58,Credit Card,True
47,Male,Los Angeles,98344,Clothing,530.7,Credit Card,True
36,Male,Phoenix,65326,Beauty,235.87,PayPal,False
45,Male,New York,93176,Electronics,428.89,Credit Card,True
53,Male,Houston,94809,Sports,422.12,UPI,True
32,Other,San Jose,54618,Electronics,165.25,UPI,False
42,Other,Philadelphia,75525,Electronics,314.78,Debit Card,True
45,Female,Chicago,98954,Home,461.09,UPI,False
40,Male,Los Angeles,75841,Clothing,277.51,Debit Card,True
52,Other,Phoenix,84422,Sports,344.96,UPI,False
49,Other,San Antonio,53187,Electronics,216.83,Credit Card,False
36,Female,Dallas,83317,Electronics,345.85,Credit Card,True
44,Female,San Antonio,89361,Home,332.64,Debit Card,False
43,Other,Houston,53591,Sports,177.1,Credit Card,False
41,Other,San Diego,75114,Clothing,289.71,UPI,False
38,Female,San Jose,75677,Clothing,262.27,PayPal,False
46,Other,Los Angeles,90850,Home,427.2,PayPal,True
49,Male,Chicago,129350,Home,956.14,UPI,False
47,Other,Dallas,86459,Clothing,373.55,PayPal,False
37,Other,Chicago,89917,Beauty,425.33,UPI,False
45,Female,Dallas,59475,Clothing,178.09,Debit Card,True
45,Other,Houston,88235,Sports,386.51,Credit Card,True
42,Male,Chicago,91920,Beauty,409.17,Credit Card,True
46,Female,San Jose,89384,Home,405.4,Debit Card,True
45,Other,Los Angeles,52147,Beauty,158.83,Credit Card,False
38,Female,Houston,56982,Beauty,223.54,Credit Card,False
42,Female,Houston,62899,Clothing,217.2,Debit Card,True
33,Male,Dallas,83531,Home,411.28,PayPal,True
43,Male,Dallas,86631,Home,383.37,Credit Card,True
48,Female,Los Angeles,69489,Sports,286.51,PayPal,False
28,Female,San Antonio,100701,Sports,477.27,Credit Card,False
36,Male,New York,88171,Sports,423.16,Credit Card,True
34,Male,San Jose,111779,Clothing,732.2,UPI,False
38,Male,Houston,47884,Clothing,148.82,Debit Card,False
34,Female,San Diego,110104,Home,733.53,Credit Card,True
39,Other,Los Angeles,94139,Electronics,442.94,PayPal,False
36,Female,Phoenix,91109,Clothing,376.34,Debit Card,True
44,Other,Dallas,85366,Clothing,363.28,PayPal,True
40,Other,Chicago,85474,Home,452.48,Debit Card,False
40,Other,San Antonio,68669,Sports,264.26,Debit Card,False
38,Female,Philadelphia,94769,Home,449.87,Credit Card,False
50,Female,San Jose,116291,Electronics,759.5,UPI,False
42,Male,Los Angeles,109665,Electronics,634.45,UPI,False
54,Other,Dallas,113374,Sports,692.77,Debit Card,True
43,Female,San Antonio,115286,Electronics,759.44,UPI,True
32,Female,Phoenix,63223,Beauty,234.69,UPI,False
37,Male,Phoenix,74626,Sports,272.17,Debit Card,False
35,Male,Houston,96839,Home,494.59,Debit Card,True
50,Male,Chicago,54385,Electronics,210.69,Debit Card,True
44,Male,Chicago,77344,Home,311.05,Debit Card,False
38,Male,New York,70484,Home,242.69,PayPal,False
28,Female,Los Angeles,54639,Home,191.64,Credit Card,True
38,Other,San Jose,83385,Electronics,340.92,PayPal,True
41,Other,San Antonio,85896,Electronics,358.64,Credit Card,False
47,Female,Philadelphia,101678,Home,520.05,UPI,True
53,Female,Houston,108619,Clothing,614.26,UPI,False
50,Other,San Antonio,106578,Sports,577.53,PayPal,False
42,Male,New York,79092,Home,276.49,Credit Card,True
33,Male,Philadelphia,71344,Home,283.5,Credit Card,True
42,Other,Chicago,126262,Beauty,870.59,Credit Card,False
39,Female,Phoenix,85599,Electronics,382.86,PayPal,False
41,Male,Houston,48891,Clothing,201.4,UPI,True
50,Male,Los Angeles,125202,Beauty,803.5,Debit Card,True
42,Other,Dallas,93211,Clothing,451.52,UPI,True
39,Male,Chicago,85870,Electronics,364.13,PayPal,False
41,Female,Philadelphia,131583,Clothing,956.79,UPI,True
37,Male,Houston,108729,Electronics,564.13,Credit Card,True
40,Female,San Jose,109340,Sports,670.86,Credit Card,False
41,Female,San Antonio,78756,Beauty,319.15,Debit Card,True
34,Other,Houston,88514,Sports,358.12,Credit Card,False
41,Other,Philadelphia,90066,Electronics,396.06,Debit Card,True
44,Other,San Jose,82000,Electronics,389.34,UPI,True
47,Male,Dallas,87177,Electronics,392.49,Credit Card,False
48,Other,Phoenix,114597,Sports,713.41,Credit Card,False
49,Female,Houston,99573,Sports,505.72,Credit Card,False
47,Female,Chicago,111484,Clothing,680.77,UPI,False
42,Female,Houston,103364,Electronics,493.56,PayPal,False
45,Other,Los Angeles,98002,Clothing,423.5,Debit Card,False
39,Female,San Antonio,122552,Sports,757.58,PayPal,False
47,Male,Philadelphia,70264,Beauty,266.97,UPI,False
47,Other,Chicago,95384,Home,411.09,PayPal,False
46,Female,Philadelphia,122233,Clothing,894.27,PayPal,False
40,Other,San Jose,89223,Electronics,465.51,Credit Card,False
42,Other,San Jose,101135,Home,534.61,Debit Card,True
30,Other,Los Angeles,54102,Beauty,199.53,Credit Card,True
43,Female,Chicago,129568,Sports,979.73,PayPal,True
46,Male,San Diego,89903,Beauty,360.3,UPI,False
40,Male,Los Angeles,124335,Sports,770.2,UPI,False
41,Female,Dallas,99110,Sports,507.99,UPI,True
